login,[orderSI=0,orderAI=0],None,None,0:27.1,0;,[]
media_test,[audio,triplet_t00000000001,orderSI=1,orderAI=1],1,None,0:51.4,1;,[]
consent,[prot_demo_consent,orderSI=2,orderAI=2],None,None,0:7.2,2;,[]
valsurvey,[presurvey,orderSI=3,orderAI=3],None,None,0:47.5,3;,0,1,0,0,0,0,0,1,Français,Français Anglais,Français Anglais,0,1,0,1,0,1,1,0,1,0,0,1
text_page,[prot_instr1,bindSubmitKeyIDList=,[space],orderSI=4,orderAI=4],None,None,0:14.9,4;,[]
text_page,[prot_instr2,bindSubmitKeyIDList=,[space],orderSI=5,orderAI=5],None,None,0:26.2,5;,[]
text_page,[prot_instr3,bindSubmitKeyIDList=,[space],orderSI=6,orderAI=6],None,None,0:7.9,6;,[]
text_page,[prot_announcement_catch_trial,bindSubmitKeyIDList=,[space],orderSI=7,orderAI=7],None,None,0:2.4,7;,[]
media_choice,[prot_catch_trial,audio,0.5,1,1,[[practice_t00000009033]],[1,2],bindPlayKeyIDList=,[space],bindResponseKeyIDList=,[f,j],orderSI=8,orderAI=8],1,None,0:19.8,8;,0,1
media_choice,[prot_catch_trial,audio,0.5,1,1,[[practice_t00000018860]],[1,2],bindPlayKeyIDList=,[space],bindResponseKeyIDList=,[f,j],orderSI=9,orderAI=9],1,None,0:18.9,9;,1,0
media_choice,[prot_catch_trial,audio,0.5,1,1,[[practice_t00000019593]],[1,2],bindPlayKeyIDList=,[space],bindResponseKeyIDList=,[f,j],orderSI=10,orderAI=10],1,None,0:11.6,10;,0,1
media_choice,[prot_catch_trial,audio,0.5,1,1,[[practice_t00000027525]],[1,2],bindPlayKeyIDList=,[space],bindResponseKeyIDList=,[f,j],orderSI=11,orderAI=11],1,None,0:5.7,11;,1,0
media_choice,[prot_catch_trial,audio,0.5,1,1,[[practice_t00000074757]],[1,2],bindPlayKeyIDList=,[space],bindResponseKeyIDList=,[f,j],orderSI=12,orderAI=12],1,None,0:3.7,12;,0,1
media_choice,[prot_catch_trial,audio,0.5,1,1,[[practice_t00000103879]],[1,2],bindPlayKeyIDList=,[space],bindResponseKeyIDList=,[f,j],orderSI=13,orderAI=13],1,None,0:6.4,13;,1,0
media_choice,[prot_catch_trial,audio,0.5,1,1,[[practice_t00000008895]],[1,2],bindPlayKeyIDList=,[space],bindResponseKeyIDList=,[f,j],orderSI=14,orderAI=14],1,None,0:3.8,14;,0,1
media_choice,[prot_catch_trial,audio,0.5,1,1,[[practice_t00000008454]],[1,2],bindPlayKeyIDList=,[space],bindResponseKeyIDList=,[f,j],orderSI=15,orderAI=15],1,None,0:6.2,15;,1,0
text_page,[announcement_one_play_two_responses,bindSubmitKeyIDList=,[space],orderSI=16,orderAI=16],None,None,0:7.4,16;,[]
text_page,[announcement_one_play_two_responses2,bindSubmitKeyIDList=,[space],orderSI=17,orderAI=17],None,None,0:13.1,17;,[]
media_choice,[one_play_two_responses,audio,0.5,1,1,[[triplet_t00000074840]],[1,2],bindPlayKeyIDList=,[space],bindResponseKeyIDList=,[f,j],orderSI=34,orderAI=18],1,None,0:10.6,18;,1,0
media_choice,[one_play_two_responses,audio,0.5,1,1,[[triplet_t00000020237]],[1,2],bindPlayKeyIDList=,[space],bindResponseKeyIDList=,[f,j],orderSI=53,orderAI=19],1,None,0:7.8,19;,1,0
media_choice,[one_play_two_responses,audio,0.5,1,1,[[triplet_t00000017958]],[1,2],bindPlayKeyIDList=,[space],bindResponseKeyIDList=,[f,j],orderSI=26,orderAI=20],1,None,0:5.0,20;,1,0
media_choice,[one_play_two_responses,audio,0.5,1,1,[[triplet_t00000025515]],[1,2],bindPlayKeyIDList=,[space],bindResponseKeyIDList=,[f,j],orderSI=52,orderAI=21],1,None,0:6.6,21;,0,1
media_choice,[one_play_two_responses,audio,0.5,1,1,[[triplet_t00000074991]],[1,2],bindPlayKeyIDList=,[space],bindResponseKeyIDList=,[f,j],orderSI=35,orderAI=22],1,None,0:3.6,22;,0,1
media_choice,[one_play_two_responses,audio,0.5,1,1,[[triplet_t00000054803]],[1,2],bindPlayKeyIDList=,[space],bindResponseKeyIDList=,[f,j],orderSI=23,orderAI=23],1,None,0:2.8,23;,0,1
media_choice,[one_play_two_responses,audio,0.5,1,1,[[triplet_t00000094079]],[1,2],bindPlayKeyIDList=,[space],bindResponseKeyIDList=,[f,j],orderSI=44,orderAI=24],1,None,0:7.7,24;,1,0
media_choice,[one_play_two_responses,audio,0.5,1,1,[[triplet_t00000017157]],[1,2],bindPlayKeyIDList=,[space],bindResponseKeyIDList=,[f,j],orderSI=20,orderAI=25],1,None,0:3.6,25;,1,0
media_choice,[one_play_two_responses,audio,0.5,1,1,[[triplet_t00000089910]],[1,2],bindPlayKeyIDList=,[space],bindResponseKeyIDList=,[f,j],orderSI=30,orderAI=26],1,None,0:3.2,26;,1,0
media_choice,[one_play_two_responses,audio,0.5,1,1,[[triplet_t00000089319]],[1,2],bindPlayKeyIDList=,[space],bindResponseKeyIDList=,[f,j],orderSI=36,orderAI=27],1,None,0:3.1,27;,1,0
media_choice,[one_play_two_responses,audio,0.5,1,1,[[triplet_t00000101594]],[1,2],bindPlayKeyIDList=,[space],bindResponseKeyIDList=,[f,j],orderSI=57,orderAI=28],1,None,0:8.0,28;,0,1
media_choice,[one_play_two_responses,audio,0.5,1,1,[[triplet_t00000000009]],[1,2],bindPlayKeyIDList=,[space],bindResponseKeyIDList=,[f,j],orderSI=61,orderAI=29],1,None,0:4.3,29;,1,0
media_choice,[one_play_two_responses,audio,0.5,1,1,[[triplet_t00000006108]],[1,2],bindPlayKeyIDList=,[space],bindResponseKeyIDList=,[f,j],orderSI=48,orderAI=30],1,None,0:6.5,30;,0,1
media_choice,[one_play_two_responses,audio,0.5,1,1,[[attention_check_francais_F_normalise]],[1,2],bindPlayKeyIDList=,[space],bindResponseKeyIDList=,[f,j],orderSI=71,orderAI=31],1,None,0:5.6,31;,1,0
media_choice,[one_play_two_responses,audio,0.5,1,1,[[triplet_t00000101386]],[1,2],bindPlayKeyIDList=,[space],bindResponseKeyIDList=,[f,j],orderSI=58,orderAI=32],1,None,0:12.3,32;,0,1
media_choice,[one_play_two_responses,audio,0.5,1,1,[[triplet_t00000014247]],[1,2],bindPlayKeyIDList=,[space],bindResponseKeyIDList=,[f,j],orderSI=67,orderAI=33],1,None,0:3.4,33;,1,0
media_choice,[one_play_two_responses,audio,0.5,1,1,[[triplet_t00000082998]],[1,2],bindPlayKeyIDList=,[space],bindResponseKeyIDList=,[f,j],orderSI=31,orderAI=34],1,None,0:3.9,34;,0,1
media_choice,[one_play_two_responses,audio,0.5,1,1,[[triplet_t00000008314]],[1,2],bindPlayKeyIDList=,[space],bindResponseKeyIDList=,[f,j],orderSI=68,orderAI=35],1,None,0:7.4,35;,1,0
media_choice,[one_play_two_responses,audio,0.5,1,1,[[triplet_t00000076246]],[1,2],bindPlayKeyIDList=,[space],bindResponseKeyIDList=,[f,j],orderSI=64,orderAI=36],1,None,0:2.6,36;,0,1
media_choice,[one_play_two_responses,audio,0.5,1,1,[[triplet_t00000095506]],[1,2],bindPlayKeyIDList=,[space],bindResponseKeyIDList=,[f,j],orderSI=29,orderAI=37],1,None,0:4.9,37;,0,1
media_choice,[one_play_two_responses,audio,0.5,1,1,[[triplet_t00000035729]],[1,2],bindPlayKeyIDList=,[space],bindResponseKeyIDList=,[f,j],orderSI=49,orderAI=38],1,None,0:6.0,38;,1,0
media_choice,[one_play_two_responses,audio,0.5,1,1,[[triplet_t00000103083]],[1,2],bindPlayKeyIDList=,[space],bindResponseKeyIDList=,[f,j],orderSI=42,orderAI=39],1,None,0:4.6,39;,0,1
media_choice,[one_play_two_responses,audio,0.5,1,1,[[triplet_t00000100193]],[1,2],bindPlayKeyIDList=,[space],bindResponseKeyIDList=,[f,j],orderSI=25,orderAI=40],1,None,0:2.1,40;,0,1
media_choice,[one_play_two_responses,audio,0.5,1,1,[[triplet_t00000000006]],[1,2],bindPlayKeyIDList=,[space],bindResponseKeyIDList=,[f,j],orderSI=62,orderAI=41],1,None,0:4.9,41;,0,1
media_choice,[one_play_two_responses,audio,0.5,1,1,[[triplet_t00000106709]],[1,2],bindPlayKeyIDList=,[space],bindResponseKeyIDList=,[f,j],orderSI=32,orderAI=42],1,None,0:7.5,42;,1,0
media_choice,[one_play_two_responses,audio,0.5,1,1,[[triplet_t00000048033]],[1,2],bindPlayKeyIDList=,[space],bindResponseKeyIDList=,[f,j],orderSI=47,orderAI=43],1,None,0:2.9,43;,0,1
media_choice,[one_play_two_responses,audio,0.5,1,1,[[triplet_t00000094164]],[1,2],bindPlayKeyIDList=,[space],bindResponseKeyIDList=,[f,j],orderSI=39,orderAI=44],1,None,0:4.0,44;,0,1
media_choice,[one_play_two_responses,audio,0.5,1,1,[[triplet_t00000089334]],[1,2],bindPlayKeyIDList=,[space],bindResponseKeyIDList=,[f,j],orderSI=37,orderAI=45],1,None,0:3.2,45;,0,1
media_choice,[one_play_two_responses,audio,0.5,1,1,[[triplet_t00000099683]],[1,2],bindPlayKeyIDList=,[space],bindResponseKeyIDList=,[f,j],orderSI=59,orderAI=46],1,None,0:3.0,46;,0,1
media_choice,[one_play_two_responses,audio,0.5,1,1,[[triplet_t00000016458]],[1,2],bindPlayKeyIDList=,[space],bindResponseKeyIDList=,[f,j],orderSI=24,orderAI=47],1,None,0:6.7,47;,1,0
media_choice,[one_play_two_responses,audio,0.5,1,1,[[triplet_t00000043753]],[1,2],bindPlayKeyIDList=,[space],bindResponseKeyIDList=,[f,j],orderSI=22,orderAI=48],1,None,0:4.0,48;,1,0
media_choice,[one_play_two_responses,audio,0.5,1,1,[[triplet_t00000013296]],[1,2],bindPlayKeyIDList=,[space],bindResponseKeyIDList=,[f,j],orderSI=65,orderAI=49],1,None,0:4.5,49;,1,0
media_choice,[one_play_two_responses,audio,0.5,1,1,[[triplet_t00000050941]],[1,2],bindPlayKeyIDList=,[space],bindResponseKeyIDList=,[f,j],orderSI=18,orderAI=50],1,None,0:2.3,50;,1,0
media_choice,[one_play_two_responses,audio,0.5,1,1,[[triplet_t00000099557]],[1,2],bindPlayKeyIDList=,[space],bindResponseKeyIDList=,[f,j],orderSI=60,orderAI=51],1,None,0:3.4,51;,0,1
media_choice,[one_play_two_responses,audio,0.5,1,1,[[triplet_t00000001209]],[1,2],bindPlayKeyIDList=,[space],bindResponseKeyIDList=,[f,j],orderSI=38,orderAI=52],1,None,0:5.9,52;,1,0
media_choice,[one_play_two_responses,audio,0.5,1,1,[[triplet_t00000017936]],[1,2],bindPlayKeyIDList=,[space],bindResponseKeyIDList=,[f,j],orderSI=27,orderAI=53],1,None,0:2.7,53;,0,1
media_choice,[one_play_two_responses,audio,0.5,1,1,[[triplet_t00000103871]],[1,2],bindPlayKeyIDList=,[space],bindResponseKeyIDList=,[f,j],orderSI=56,orderAI=54],1,None,0:4.2,54;,0,1
media_choice,[one_play_two_responses,audio,0.5,1,1,[[triplet_t00000014662]],[1,2],bindPlayKeyIDList=,[space],bindResponseKeyIDList=,[f,j],orderSI=43,orderAI=55],1,None,0:5.7,55;,1,0
media_choice,[one_play_two_responses,audio,0.5,1,1,[[triplet_t00000000014]],[1,2],bindPlayKeyIDList=,[space],bindResponseKeyIDList=,[f,j],orderSI=70,orderAI=56],1,None,0:4.0,56;,1,0
media_choice,[one_play_two_responses,audio,0.5,1,1,[[triplet_t00000050383]],[1,2],bindPlayKeyIDList=,[space],bindResponseKeyIDList=,[f,j],orderSI=40,orderAI=57],1,None,0:3.4,57;,1,0
media_choice,[one_play_two_responses,audio,0.5,1,1,[[triplet_t00000095760]],[1,2],bindPlayKeyIDList=,[space],bindResponseKeyIDList=,[f,j],orderSI=19,orderAI=58],1,None,0:2.9,58;,0,1
media_choice,[one_play_two_responses,audio,0.5,1,1,[[triplet_t00000076038]],[1,2],bindPlayKeyIDList=,[space],bindResponseKeyIDList=,[f,j],orderSI=63,orderAI=59],1,None,0:2.2,59;,1,0
media_choice,[one_play_two_responses,audio,0.5,1,1,[[triplet_t00000074711]],[1,2],bindPlayKeyIDList=,[space],bindResponseKeyIDList=,[f,j],orderSI=41,orderAI=60],1,None,0:5.4,60;,1,0
media_choice,[one_play_two_responses,audio,0.5,1,1,[[triplet_t00000041801]],[1,2],bindPlayKeyIDList=,[space],bindResponseKeyIDList=,[f,j],orderSI=46,orderAI=61],1,None,0:4.3,61;,0,1
media_choice,[one_play_two_responses,audio,0.5,1,1,[[triplet_t00000044330]],[1,2],bindPlayKeyIDList=,[space],bindResponseKeyIDList=,[f,j],orderSI=50,orderAI=62],1,None,0:3.3,62;,0,1
media_choice,[one_play_two_responses,audio,0.5,1,1,[[triplet_t00000000011]],[1,2],bindPlayKeyIDList=,[space],bindResponseKeyIDList=,[f,j],orderSI=69,orderAI=63],1,None,0:4.6,63;,1,0
media_choice,[one_play_two_responses,audio,0.5,1,1,[[triplet_t00000013293]],[1,2],bindPlayKeyIDList=,[space],bindResponseKeyIDList=,[f,j],orderSI=66,orderAI=64],1,None,0:3.0,64;,0,1
media_choice,[one_play_two_responses,audio,0.5,1,1,[[triplet_t00000061434]],[1,2],bindPlayKeyIDList=,[space],bindResponseKeyIDList=,[f,j],orderSI=45,orderAI=65],1,None,0:4.8,65;,1,0
media_choice,[one_play_two_responses,audio,0.5,1,1,[[triplet_t00000086662]],[1,2],bindPlayKeyIDList=,[space],bindResponseKeyIDList=,[f,j],orderSI=28,orderAI=66],1,None,0:4.4,66;,1,0
media_choice,[one_play_two_responses,audio,0.5,1,1,[[triplet_t00000011609]],[1,2],bindPlayKeyIDList=,[space],bindResponseKeyIDList=,[f,j],orderSI=33,orderAI=67],1,None,0:5.2,67;,0,1
media_choice,[one_play_two_responses,audio,0.5,1,1,[[triplet_t00000103774]],[1,2],bindPlayKeyIDList=,[space],bindResponseKeyIDList=,[f,j],orderSI=55,orderAI=68],1,None,0:5.1,68;,1,0
media_choice,[one_play_two_responses,audio,0.5,1,1,[[triplet_t00000100662]],[1,2],bindPlayKeyIDList=,[space],bindResponseKeyIDList=,[f,j],orderSI=54,orderAI=69],1,None,0:4.7,69;,0,1
media_choice,[one_play_two_responses,audio,0.5,1,1,[[triplet_t00000015136]],[1,2],bindPlayKeyIDList=,[space],bindResponseKeyIDList=,[f,j],orderSI=51,orderAI=70],1,None,0:8.9,70;,0,1
media_choice,[one_play_two_responses,audio,0.5,1,1,[[triplet_t00000007711]],[1,2],bindPlayKeyIDList=,[space],bindResponseKeyIDList=,[f,j],orderSI=21,orderAI=71],1,None,0:3.7,71;,0,1
text_page,[prot_pause,bindSubmitKeyIDList=,[space],orderSI=72,orderAI=72],None,None,0:0.1,72;,[]
media_choice,[one_play_two_responses,audio,0.5,1,1,[[triplet_t00000051357]],[1,2],bindPlayKeyIDList=,[space],bindResponseKeyIDList=,[f,j],orderSI=87,orderAI=73],1,None,0:12.5,73;,1,0
media_choice,[one_play_two_responses,audio,0.5,1,1,[[triplet_t00000089383]],[1,2],bindPlayKeyIDList=,[space],bindResponseKeyIDList=,[f,j],orderSI=92,orderAI=74],1,None,0:5.9,74;,0,1
media_choice,[one_play_two_responses,audio,0.5,1,1,[[triplet_t00000075034]],[1,2],bindPlayKeyIDList=,[space],bindResponseKeyIDList=,[f,j],orderSI=90,orderAI=75],1,None,0:3.7,75;,0,1
media_choice,[one_play_two_responses,audio,0.5,1,1,[[triplet_t00000098530]],[1,2],bindPlayKeyIDList=,[space],bindResponseKeyIDList=,[f,j],orderSI=75,orderAI=76],1,None,0:6.7,76;,0,1
media_choice,[one_play_two_responses,audio,0.5,1,1,[[triplet_t00000057265]],[1,2],bindPlayKeyIDList=,[space],bindResponseKeyIDList=,[f,j],orderSI=102,orderAI=77],1,None,0:3.9,77;,0,1
media_choice,[one_play_two_responses,audio,0.5,1,1,[[triplet_t00000099548]],[1,2],bindPlayKeyIDList=,[space],bindResponseKeyIDList=,[f,j],orderSI=116,orderAI=78],1,None,0:5.2,78;,0,1
media_choice,[one_play_two_responses,audio,0.5,1,1,[[triplet_t00000104098]],[1,2],bindPlayKeyIDList=,[space],bindResponseKeyIDList=,[f,j],orderSI=91,orderAI=79],1,None,0:2.8,79;,1,0
media_choice,[one_play_two_responses,audio,0.5,1,1,[[triplet_t00000056359]],[1,2],bindPlayKeyIDList=,[space],bindResponseKeyIDList=,[f,j],orderSI=78,orderAI=80],1,None,0:3.1,80;,0,1
media_choice,[one_play_two_responses,audio,0.5,1,1,[[triplet_t00000105620]],[1,2],bindPlayKeyIDList=,[space],bindResponseKeyIDList=,[f,j],orderSI=73,orderAI=81],1,None,0:4.7,81;,1,0
media_choice,[one_play_two_responses,audio,0.5,1,1,[[triplet_t00000049930]],[1,2],bindPlayKeyIDList=,[space],bindResponseKeyIDList=,[f,j],orderSI=77,orderAI=82],1,None,0:6.9,82;,1,0
media_choice,[one_play_two_responses,audio,0.5,1,1,[[triplet_t00000015559]],[1,2],bindPlayKeyIDList=,[space],bindResponseKeyIDList=,[f,j],orderSI=79,orderAI=83],1,None,0:4.1,83;,0,1
media_choice,[one_play_two_responses,audio,0.5,1,1,[[triplet_t00000104574]],[1,2],bindPlayKeyIDList=,[space],bindResponseKeyIDList=,[f,j],orderSI=106,orderAI=84],1,None,0:15.6,84;,0,1
media_choice,[one_play_two_responses,audio,0.5,1,1,[[triplet_t00000094110]],[1,2],bindPlayKeyIDList=,[space],bindResponseKeyIDList=,[f,j],orderSI=93,orderAI=85],1,None,0:5.3,85;,1,0
media_choice,[one_play_two_responses,audio,0.5,1,1,[[triplet_t00000051162]],[1,2],bindPlayKeyIDList=,[space],bindResponseKeyIDList=,[f,j],orderSI=76,orderAI=86],1,None,0:9.9,86;,1,0
media_choice,[one_play_two_responses,audio,0.5,1,1,[[triplet_t00000000004]],[1,2],bindPlayKeyIDList=,[space],bindResponseKeyIDList=,[f,j],orderSI=118,orderAI=87],1,None,0:5.2,87;,0,1
media_choice,[one_play_two_responses,audio,0.5,1,1,[[triplet_t00000048324]],[1,2],bindPlayKeyIDList=,[space],bindResponseKeyIDList=,[f,j],orderSI=105,orderAI=88],1,None,0:3.7,88;,1,0
media_choice,[one_play_two_responses,audio,0.5,1,1,[[triplet_t00000076044]],[1,2],bindPlayKeyIDList=,[space],bindResponseKeyIDList=,[f,j],orderSI=120,orderAI=89],1,None,0:5.3,89;,0,1
media_choice,[one_play_two_responses,audio,0.5,1,1,[[triplet_t00000100658]],[1,2],bindPlayKeyIDList=,[space],bindResponseKeyIDList=,[f,j],orderSI=110,orderAI=90],1,None,0:5.3,90;,0,1
media_choice,[one_play_two_responses,audio,0.5,1,1,[[triplet_t00000100654]],[1,2],bindPlayKeyIDList=,[space],bindResponseKeyIDList=,[f,j],orderSI=109,orderAI=91],1,None,0:8.4,91;,1,0
media_choice,[one_play_two_responses,audio,0.5,1,1,[[triplet_t00000006333]],[1,2],bindPlayKeyIDList=,[space],bindResponseKeyIDList=,[f,j],orderSI=103,orderAI=92],1,None,0:4.7,92;,0,1
media_choice,[one_play_two_responses,audio,0.5,1,1,[[triplet_t00000092931]],[1,2],bindPlayKeyIDList=,[space],bindResponseKeyIDList=,[f,j],orderSI=85,orderAI=93],1,None,0:7.2,93;,1,0
media_choice,[one_play_two_responses,audio,0.5,1,1,[[triplet_t00000011712]],[1,2],bindPlayKeyIDList=,[space],bindResponseKeyIDList=,[f,j],orderSI=124,orderAI=94],1,None,0:5.8,94;,0,1
media_choice,[one_play_two_responses,audio,0.5,1,1,[[triplet_t00000103866]],[1,2],bindPlayKeyIDList=,[space],bindResponseKeyIDList=,[f,j],orderSI=111,orderAI=95],1,None,0:7.4,95;,1,0
media_choice,[one_play_two_responses,audio,0.5,1,1,[[triplet_t00000014306]],[1,2],bindPlayKeyIDList=,[space],bindResponseKeyIDList=,[f,j],orderSI=100,orderAI=96],1,None,0:3.8,96;,0,1
media_choice,[one_play_two_responses,audio,0.5,1,1,[[triplet_t00000028598]],[1,2],bindPlayKeyIDList=,[space],bindResponseKeyIDList=,[f,j],orderSI=101,orderAI=97],1,None,0:5.0,97;,1,0
media_choice,[one_play_two_responses,audio,0.5,1,1,[[triplet_t00000013853]],[1,2],bindPlayKeyIDList=,[space],bindResponseKeyIDList=,[f,j],orderSI=94,orderAI=98],1,None,0:4.8,98;,0,1
media_choice,[one_play_two_responses,audio,0.5,1,1,[[triplet_t00000091237]],[1,2],bindPlayKeyIDList=,[space],bindResponseKeyIDList=,[f,j],orderSI=84,orderAI=99],1,None,0:4.3,99;,0,1
media_choice,[one_play_two_responses,audio,0.5,1,1,[[triplet_t00000014280]],[1,2],bindPlayKeyIDList=,[space],bindResponseKeyIDList=,[f,j],orderSI=99,orderAI=100],1,None,0:8.3,100;,1,0
media_choice,[one_play_two_responses,audio,0.5,1,1,[[triplet_t00000074468]],[1,2],bindPlayKeyIDList=,[space],bindResponseKeyIDList=,[f,j],orderSI=96,orderAI=101],1,None,0:4.2,101;,0,1
media_choice,[one_play_two_responses,audio,0.5,1,1,[[triplet_t00000086372]],[1,2],bindPlayKeyIDList=,[space],bindResponseKeyIDList=,[f,j],orderSI=86,orderAI=102],1,None,0:4.3,102;,0,1
media_choice,[one_play_two_responses,audio,0.5,1,1,[[triplet_t00000015535]],[1,2],bindPlayKeyIDList=,[space],bindResponseKeyIDList=,[f,j],orderSI=80,orderAI=103],1,None,0:4.3,103;,0,1
media_choice,[one_play_two_responses,audio,0.5,1,1,[[triplet_t00000000005]],[1,2],bindPlayKeyIDList=,[space],bindResponseKeyIDList=,[f,j],orderSI=117,orderAI=104],1,None,0:5.5,104;,1,0
media_choice,[one_play_two_responses,audio,0.5,1,1,[[triplet_t00000103854]],[1,2],bindPlayKeyIDList=,[space],bindResponseKeyIDList=,[f,j],orderSI=112,orderAI=105],1,None,0:6.0,105;,0,1
media_choice,[one_play_two_responses,audio,0.5,1,1,[[triplet_t00000018118]],[1,2],bindPlayKeyIDList=,[space],bindResponseKeyIDList=,[f,j],orderSI=82,orderAI=106],1,None,0:5.9,106;,0,1
media_choice,[one_play_two_responses,audio,0.5,1,1,[[triplet_t00000076985]],[1,2],bindPlayKeyIDList=,[space],bindResponseKeyIDList=,[f,j],orderSI=88,orderAI=107],1,None,0:11.4,107;,0,1
media_choice,[one_play_two_responses,audio,0.5,1,1,[[triplet_t00000104821]],[1,2],bindPlayKeyIDList=,[space],bindResponseKeyIDList=,[f,j],orderSI=108,orderAI=108],1,None,0:5.7,108;,0,1
media_choice,[one_play_two_responses,audio,0.5,1,1,[[triplet_t00000074700]],[1,2],bindPlayKeyIDList=,[space],bindResponseKeyIDList=,[f,j],orderSI=98,orderAI=109],1,None,0:4.3,109;,1,0
media_choice,[one_play_two_responses,audio,0.5,1,1,[[triplet_t00000008306]],[1,2],bindPlayKeyIDList=,[space],bindResponseKeyIDList=,[f,j],orderSI=123,orderAI=110],1,None,0:3.7,110;,1,0
media_choice,[one_play_two_responses,audio,0.5,1,1,[[triplet_t00000103029]],[1,2],bindPlayKeyIDList=,[space],bindResponseKeyIDList=,[f,j],orderSI=114,orderAI=111],1,None,0:5.2,111;,1,0
media_choice,[one_play_two_responses,audio,0.5,1,1,[[triplet_t00000021644]],[1,2],bindPlayKeyIDList=,[space],bindResponseKeyIDList=,[f,j],orderSI=104,orderAI=112],1,None,0:4.7,112;,0,1
media_choice,[one_play_two_responses,audio,0.5,1,1,[[attention_check_francais_J_normalise]],[1,2],bindPlayKeyIDList=,[space],bindResponseKeyIDList=,[f,j],orderSI=127,orderAI=113],1,None,0:5.0,113;,0,1
media_choice,[one_play_two_responses,audio,0.5,1,1,[[triplet_t00000000013]],[1,2],bindPlayKeyIDList=,[space],bindResponseKeyIDList=,[f,j],orderSI=126,orderAI=114],1,None,0:8.4,114;,0,1
media_choice,[one_play_two_responses,audio,0.5,1,1,[[triplet_t00000022515]],[1,2],bindPlayKeyIDList=,[space],bindResponseKeyIDList=,[f,j],orderSI=95,orderAI=115],1,None,0:7.4,115;,1,0
media_choice,[one_play_two_responses,audio,0.5,1,1,[[triplet_t00000076117]],[1,2],bindPlayKeyIDList=,[space],bindResponseKeyIDList=,[f,j],orderSI=89,orderAI=116],1,None,0:4.8,116;,1,0
media_choice,[one_play_two_responses,audio,0.5,1,1,[[triplet_t00000000012]],[1,2],bindPlayKeyIDList=,[space],bindResponseKeyIDList=,[f,j],orderSI=125,orderAI=117],1,None,0:3.3,117;,0,1
media_choice,[one_play_two_responses,audio,0.5,1,1,[[triplet_t00000025789]],[1,2],bindPlayKeyIDList=,[space],bindResponseKeyIDList=,[f,j],orderSI=107,orderAI=118],1,None,0:4.0,118;,1,0
media_choice,[one_play_two_responses,audio,0.5,1,1,[[triplet_t00000017994]],[1,2],bindPlayKeyIDList=,[space],bindResponseKeyIDList=,[f,j],orderSI=81,orderAI=119],1,None,0:4.3,119;,1,0
media_choice,[one_play_two_responses,audio,0.5,1,1,[[triplet_t00000013295]],[1,2],bindPlayKeyIDList=,[space],bindResponseKeyIDList=,[f,j],orderSI=122,orderAI=120],1,None,0:3.5,120;,0,1
media_choice,[one_play_two_responses,audio,0.5,1,1,[[triplet_t00000102551]],[1,2],bindPlayKeyIDList=,[space],bindResponseKeyIDList=,[f,j],orderSI=83,orderAI=121],1,None,0:3.5,121;,1,0
media_choice,[one_play_two_responses,audio,0.5,1,1,[[triplet_t00000052670]],[1,2],bindPlayKeyIDList=,[space],bindResponseKeyIDList=,[f,j],orderSI=121,orderAI=122],1,None,0:5.8,122;,1,0
media_choice,[one_play_two_responses,audio,0.5,1,1,[[triplet_t00000075973]],[1,2],bindPlayKeyIDList=,[space],bindResponseKeyIDList=,[f,j],orderSI=74,orderAI=123],1,None,0:4.1,123;,0,1
media_choice,[one_play_two_responses,audio,0.5,1,1,[[triplet_t00000103066]],[1,2],bindPlayKeyIDList=,[space],bindResponseKeyIDList=,[f,j],orderSI=97,orderAI=124],1,None,0:8.9,124;,1,0
media_choice,[one_play_two_responses,audio,0.5,1,1,[[triplet_t00000020164]],[1,2],bindPlayKeyIDList=,[space],bindResponseKeyIDList=,[f,j],orderSI=115,orderAI=125],1,None,0:3.7,125;,1,0
media_choice,[one_play_two_responses,audio,0.5,1,1,[[triplet_t00000076213]],[1,2],bindPlayKeyIDList=,[space],bindResponseKeyIDList=,[f,j],orderSI=119,orderAI=126],1,None,0:4.7,126;,1,0
media_choice,[one_play_two_responses,audio,0.5,1,1,[[triplet_t00000101603]],[1,2],bindPlayKeyIDList=,[space],bindResponseKeyIDList=,[f,j],orderSI=113,orderAI=127],1,None,0:7.0,127;,0,1
text_page,[prot_pause2,bindSubmitKeyIDList=,[space],orderSI=128,orderAI=128],None,None,0:56.3,128;,[]
media_choice,[one_play_two_responses,audio,0.5,1,1,[[triplet_t00000054226]],[1,2],bindPlayKeyIDList=,[space],bindResponseKeyIDList=,[f,j],orderSI=160,orderAI=129],1,None,0:9.2,129;,0,1
media_choice,[one_play_two_responses,audio,0.5,1,1,[[triplet_t00000102457]],[1,2],bindPlayKeyIDList=,[space],bindResponseKeyIDList=,[f,j],orderSI=139,orderAI=130],1,None,0:4.1,130;,1,0
media_choice,[one_play_two_responses,audio,0.5,1,1,[[triplet_t00000011709]],[1,2],bindPlayKeyIDList=,[space],bindResponseKeyIDList=,[f,j],orderSI=181,orderAI=131],1,None,0:3.4,131;,1,0
media_choice,[one_play_two_responses,audio,0.5,1,1,[[triplet_t00000105479]],[1,2],bindPlayKeyIDList=,[space],bindResponseKeyIDList=,[f,j],orderSI=140,orderAI=132],1,None,0:3.4,132;,0,1
media_choice,[one_play_two_responses,audio,0.5,1,1,[[attention_check_francais_F_normalise]],[1,2],bindPlayKeyIDList=,[space],bindResponseKeyIDList=,[f,j],orderSI=185,orderAI=133],1,None,0:9.3,133;,1,0
media_choice,[one_play_two_responses,audio,0.5,1,1,[[triplet_t00000099494]],[1,2],bindPlayKeyIDList=,[space],bindResponseKeyIDList=,[f,j],orderSI=174,orderAI=134],1,None,0:4.2,134;,0,1
media_choice,[one_play_two_responses,audio,0.5,1,1,[[triplet_t00000013297]],[1,2],bindPlayKeyIDList=,[space],bindResponseKeyIDList=,[f,j],orderSI=180,orderAI=135],1,None,0:4.1,135;,0,1
media_choice,[one_play_two_responses,audio,0.5,1,1,[[triplet_t00000016526]],[1,2],bindPlayKeyIDList=,[space],bindResponseKeyIDList=,[f,j],orderSI=136,orderAI=136],1,None,0:5.7,136;,0,1
media_choice,[one_play_two_responses,audio,0.5,1,1,[[triplet_t00000100328]],[1,2],bindPlayKeyIDList=,[space],bindResponseKeyIDList=,[f,j],orderSI=132,orderAI=137],1,None,0:6.9,137;,1,0
media_choice,[one_play_two_responses,audio,0.5,1,1,[[triplet_t00000015274]],[1,2],bindPlayKeyIDList=,[space],bindResponseKeyIDList=,[f,j],orderSI=153,orderAI=138],1,None,0:3.8,138;,1,0
media_choice,[one_play_two_responses,audio,0.5,1,1,[[triplet_t00000028948]],[1,2],bindPlayKeyIDList=,[space],bindResponseKeyIDList=,[f,j],orderSI=159,orderAI=139],1,None,0:5.2,139;,1,0
media_choice,[one_play_two_responses,audio,0.5,1,1,[[triplet_t00000050535]],[1,2],bindPlayKeyIDList=,[space],bindResponseKeyIDList=,[f,j],orderSI=154,orderAI=140],1,None,0:4.3,140;,0,1
media_choice,[one_play_two_responses,audio,0.5,1,1,[[triplet_t00000100597]],[1,2],bindPlayKeyIDList=,[space],bindResponseKeyIDList=,[f,j],orderSI=156,orderAI=141],1,None,0:5.4,141;,0,1
media_choice,[one_play_two_responses,audio,0.5,1,1,[[triplet_t00000103030]],[1,2],bindPlayKeyIDList=,[space],bindResponseKeyIDList=,[f,j],orderSI=171,orderAI=142],1,None,0:4.8,142;,0,1
media_choice,[one_play_two_responses,audio,0.5,1,1,[[triplet_t00000000002]],[1,2],bindPlayKeyIDList=,[space],bindResponseKeyIDList=,[f,j],orderSI=175,orderAI=143],1,None,0:9.3,143;,1,0
media_choice,[one_play_two_responses,audio,0.5,1,1,[[triplet_t00000013294]],[1,2],bindPlayKeyIDList=,[space],bindResponseKeyIDList=,[f,j],orderSI=179,orderAI=144],1,None,0:3.9,144;,1,0
media_choice,[one_play_two_responses,audio,0.5,1,1,[[triplet_t00000076042]],[1,2],bindPlayKeyIDList=,[space],bindResponseKeyIDList=,[f,j],orderSI=178,orderAI=145],1,None,0:5.8,145;,0,1
media_choice,[one_play_two_responses,audio,0.5,1,1,[[triplet_t00000015731]],[1,2],bindPlayKeyIDList=,[space],bindResponseKeyIDList=,[f,j],orderSI=135,orderAI=146],1,None,0:3.6,146;,1,0
media_choice,[one_play_two_responses,audio,0.5,1,1,[[triplet_t00000018167]],[1,2],bindPlayKeyIDList=,[space],bindResponseKeyIDList=,[f,j],orderSI=137,orderAI=147],1,None,0:2.8,147;,1,0
media_choice,[one_play_two_responses,audio,0.5,1,1,[[triplet_t00000012734]],[1,2],bindPlayKeyIDList=,[space],bindResponseKeyIDList=,[f,j],orderSI=131,orderAI=148],1,None,0:6.9,148;,1,0
media_choice,[one_play_two_responses,audio,0.5,1,1,[[triplet_t00000074962]],[1,2],bindPlayKeyIDList=,[space],bindResponseKeyIDList=,[f,j],orderSI=146,orderAI=149],1,None,0:3.1,149;,0,1
media_choice,[one_play_two_responses,audio,0.5,1,1,[[triplet_t00000074657]],[1,2],bindPlayKeyIDList=,[space],bindResponseKeyIDList=,[f,j],orderSI=150,orderAI=150],1,None,0:4.4,150;,0,1
media_choice,[one_play_two_responses,audio,0.5,1,1,[[triplet_t00000101207]],[1,2],bindPlayKeyIDList=,[space],bindResponseKeyIDList=,[f,j],orderSI=155,orderAI=151],1,None,0:11.3,151;,1,0
media_choice,[one_play_two_responses,audio,0.5,1,1,[[triplet_t00000089519]],[1,2],bindPlayKeyIDList=,[space],bindResponseKeyIDList=,[f,j],orderSI=148,orderAI=152],1,None,0:3.2,152;,0,1
media_choice,[one_play_two_responses,audio,0.5,1,1,[[triplet_t00000018285]],[1,2],bindPlayKeyIDList=,[space],bindResponseKeyIDList=,[f,j],orderSI=138,orderAI=153],1,None,0:2.9,153;,0,1
media_choice,[one_play_two_responses,audio,0.5,1,1,[[triplet_t00000000425]],[1,2],bindPlayKeyIDList=,[space],bindResponseKeyIDList=,[f,j],orderSI=130,orderAI=154],1,None,0:4.7,154;,0,1
media_choice,[one_play_two_responses,audio,0.5,1,1,[[triplet_t00000015229]],[1,2],bindPlayKeyIDList=,[space],bindResponseKeyIDList=,[f,j],orderSI=173,orderAI=155],1,None,0:8.5,155;,1,0
media_choice,[one_play_two_responses,audio,0.5,1,1,[[triplet_t00000100155]],[1,2],bindPlayKeyIDList=,[space],bindResponseKeyIDList=,[f,j],orderSI=167,orderAI=156],1,None,0:3.6,156;,1,0
media_choice,[one_play_two_responses,audio,0.5,1,1,[[triplet_t00000015037]],[1,2],bindPlayKeyIDList=,[space],bindResponseKeyIDList=,[f,j],orderSI=166,orderAI=157],1,None,0:4.4,157;,0,1
media_choice,[one_play_two_responses,audio,0.5,1,1,[[triplet_t00000000007]],[1,2],bindPlayKeyIDList=,[space],bindResponseKeyIDList=,[f,j],orderSI=176,orderAI=158],1,None,0:4.9,158;,1,0
media_choice,[one_play_two_responses,audio,0.5,1,1,[[triplet_t00000104906]],[1,2],bindPlayKeyIDList=,[space],bindResponseKeyIDList=,[f,j],orderSI=165,orderAI=159],1,None,0:6.5,159;,1,0
media_choice,[one_play_two_responses,audio,0.5,1,1,[[triplet_t00000105251]],[1,2],bindPlayKeyIDList=,[space],bindResponseKeyIDList=,[f,j],orderSI=168,orderAI=160],1,None,0:4.8,160;,0,1
media_choice,[one_play_two_responses,audio,0.5,1,1,[[triplet_t00000103680]],[1,2],bindPlayKeyIDList=,[space],bindResponseKeyIDList=,[f,j],orderSI=149,orderAI=161],1,None,0:9.0,161;,1,0
media_choice,[one_play_two_responses,audio,0.5,1,1,[[triplet_t00000011342]],[1,2],bindPlayKeyIDList=,[space],bindResponseKeyIDList=,[f,j],orderSI=144,orderAI=162],1,None,0:9.1,162;,1,0
media_choice,[one_play_two_responses,audio,0.5,1,1,[[triplet_t00000093723]],[1,2],bindPlayKeyIDList=,[space],bindResponseKeyIDList=,[f,j],orderSI=143,orderAI=163],1,None,0:5.1,163;,1,0
media_choice,[one_play_two_responses,audio,0.5,1,1,[[triplet_t00000049742]],[1,2],bindPlayKeyIDList=,[space],bindResponseKeyIDList=,[f,j],orderSI=162,orderAI=164],1,None,0:3.1,164;,0,1
media_choice,[one_play_two_responses,audio,0.5,1,1,[[triplet_t00000076043]],[1,2],bindPlayKeyIDList=,[space],bindResponseKeyIDList=,[f,j],orderSI=177,orderAI=165],1,None,0:4.8,165;,1,0
media_choice,[one_play_two_responses,audio,0.5,1,1,[[triplet_t00000082910]],[1,2],bindPlayKeyIDList=,[space],bindResponseKeyIDList=,[f,j],orderSI=141,orderAI=166],1,None,0:4.2,166;,1,0
media_choice,[one_play_two_responses,audio,0.5,1,1,[[triplet_t00000105963]],[1,2],bindPlayKeyIDList=,[space],bindResponseKeyIDList=,[f,j],orderSI=129,orderAI=167],1,None,0:6.6,167;,1,0
media_choice,[one_play_two_responses,audio,0.5,1,1,[[triplet_t00000000015]],[1,2],bindPlayKeyIDList=,[space],bindResponseKeyIDList=,[f,j],orderSI=183,orderAI=168],1,None,0:5.0,168;,1,0
media_choice,[one_play_two_responses,audio,0.5,1,1,[[triplet_t00000061634]],[1,2],bindPlayKeyIDList=,[space],bindResponseKeyIDList=,[f,j],orderSI=134,orderAI=169],1,None,0:7.4,169;,0,1
media_choice,[one_play_two_responses,audio,0.5,1,1,[[triplet_t00000005507]],[1,2],bindPlayKeyIDList=,[space],bindResponseKeyIDList=,[f,j],orderSI=161,orderAI=170],1,None,0:9.8,170;,1,0
media_choice,[one_play_two_responses,audio,0.5,1,1,[[triplet_t00000039293]],[1,2],bindPlayKeyIDList=,[space],bindResponseKeyIDList=,[f,j],orderSI=163,orderAI=171],1,None,0:5.0,171;,1,0
media_choice,[one_play_two_responses,audio,0.5,1,1,[[triplet_t00000014562]],[1,2],bindPlayKeyIDList=,[space],bindResponseKeyIDList=,[f,j],orderSI=182,orderAI=172],1,None,0:4.6,172;,0,1
media_choice,[one_play_two_responses,audio,0.5,1,1,[[triplet_t00000075965]],[1,2],bindPlayKeyIDList=,[space],bindResponseKeyIDList=,[f,j],orderSI=170,orderAI=173],1,None,0:4.0,173;,0,1
media_choice,[one_play_two_responses,audio,0.5,1,1,[[triplet_t00000103860]],[1,2],bindPlayKeyIDList=,[space],bindResponseKeyIDList=,[f,j],orderSI=169,orderAI=174],1,None,0:6.5,174;,1,0
media_choice,[one_play_two_responses,audio,0.5,1,1,[[triplet_t00000085583]],[1,2],bindPlayKeyIDList=,[space],bindResponseKeyIDList=,[f,j],orderSI=142,orderAI=175],1,None,0:3.5,175;,0,1
media_choice,[one_play_two_responses,audio,0.5,1,1,[[triplet_t00000000016]],[1,2],bindPlayKeyIDList=,[space],bindResponseKeyIDList=,[f,j],orderSI=184,orderAI=176],1,None,0:8.2,176;,0,1
media_choice,[one_play_two_responses,audio,0.5,1,1,[[triplet_t00000014382]],[1,2],bindPlayKeyIDList=,[space],bindResponseKeyIDList=,[f,j],orderSI=151,orderAI=177],1,None,0:4.6,177;,1,0
media_choice,[one_play_two_responses,audio,0.5,1,1,[[triplet_t00000008436]],[1,2],bindPlayKeyIDList=,[space],bindResponseKeyIDList=,[f,j],orderSI=157,orderAI=178],1,None,0:4.6,178;,1,0
media_choice,[one_play_two_responses,audio,0.5,1,1,[[triplet_t00000020635]],[1,2],bindPlayKeyIDList=,[space],bindResponseKeyIDList=,[f,j],orderSI=133,orderAI=179],1,None,0:3.4,179;,1,0
media_choice,[one_play_two_responses,audio,0.5,1,1,[[triplet_t00000089322]],[1,2],bindPlayKeyIDList=,[space],bindResponseKeyIDList=,[f,j],orderSI=147,orderAI=180],1,None,0:4.4,180;,1,0
media_choice,[one_play_two_responses,audio,0.5,1,1,[[triplet_t00000087088]],[1,2],bindPlayKeyIDList=,[space],bindResponseKeyIDList=,[f,j],orderSI=152,orderAI=181],1,None,0:2.9,181;,0,1
media_choice,[one_play_two_responses,audio,0.5,1,1,[[triplet_t00000075016]],[1,2],bindPlayKeyIDList=,[space],bindResponseKeyIDList=,[f,j],orderSI=145,orderAI=182],1,None,0:5.5,182;,1,0
media_choice,[one_play_two_responses,audio,0.5,1,1,[[triplet_t00000024724]],[1,2],bindPlayKeyIDList=,[space],bindResponseKeyIDList=,[f,j],orderSI=164,orderAI=183],1,None,0:3.7,183;,0,1
media_choice,[one_play_two_responses,audio,0.5,1,1,[[triplet_t00000074514]],[1,2],bindPlayKeyIDList=,[space],bindResponseKeyIDList=,[f,j],orderSI=172,orderAI=184],1,None,0:7.0,184;,0,1
media_choice,[one_play_two_responses,audio,0.5,1,1,[[triplet_t00000008447]],[1,2],bindPlayKeyIDList=,[space],bindResponseKeyIDList=,[f,j],orderSI=158,orderAI=185],1,None,0:3.5,185;,0,1
valsurvey,[postsurvey,orderSI=186,orderAI=186],None,None,0:35.1,186;,1,0,0,0,0,0,0,1,0,0,0,0,0,1,0,0,1,1,0,0,0,1,0,0,73
survey,[postsurvey2,orderSI=187,orderAI=187],None,None,4:33.3,187;,Intéressant dans le traitement des sons que l'on assimile à une langue que l'on connait ou qui nous semble familière ,reconnaissance vocale - un mot prononcé avec une voix grave ou aiguë peut sembler ne pas être le même mot. Traitement du son par le cerveau  
