login,[orderSI=0,orderAI=0],None,None,0:7.8,0;,[]
media_test,[audio,stimulus1_A,orderSI=1,orderAI=1],1,None,0:23.6,1;,[]
consent,[prot_demo_consent,orderSI=2,orderAI=2],None,None,0:17.5,2;,[]
valsurvey,[presurvey,orderSI=3,orderAI=3],None,None,0:49.7,3;,1,0,0,0,0,0,0,1,0,1,0,0,0,0,1,0,0,0,0,1,0,0,0,1,0,1,0,1,0,1,0,1
text_page,[prot_instr1,bindSubmitKeyIDList=,[space],orderSI=4,orderAI=4],None,None,0:4.8,4;,[]
text_page,[prot_instr2,bindSubmitKeyIDList=,[space],orderSI=5,orderAI=5],None,None,0:44.7,5;,[]
text_page,[prot_instr3,bindSubmitKeyIDList=,[space],orderSI=6,orderAI=6],None,None,0:0.3,6;,[]
text_page,[prot_announcement_catch_trial,bindSubmitKeyIDList=,[space],orderSI=7,orderAI=7],None,None,0:0.0,7;,[]
media_choice,[prot_catch_trial,audio,0.5,1,1,[[stimulus49_A]],[1,2],bindPlayKeyIDList=,[space],bindResponseKeyIDList=,[f,j],orderSI=8,orderAI=8],1,None,0:14.4,8;,0,1
media_choice,[prot_catch_trial,audio,0.5,1,1,[[stimulus50_B]],[1,2],bindPlayKeyIDList=,[space],bindResponseKeyIDList=,[f,j],orderSI=9,orderAI=9],1,None,0:9.3,9;,0,1
media_choice,[prot_catch_trial,audio,0.5,1,1,[[stimulus100_A]],[1,2],bindPlayKeyIDList=,[space],bindResponseKeyIDList=,[f,j],orderSI=10,orderAI=10],1,None,0:5.9,10;,1,0
media_choice,[prot_catch_trial,audio,0.5,1,1,[[stimulus104_A]],[1,2],bindPlayKeyIDList=,[space],bindResponseKeyIDList=,[f,j],orderSI=11,orderAI=11],1,None,0:6.1,11;,1,0
text_page,[announcement_one_play_two_responses,bindSubmitKeyIDList=,[space],orderSI=12,orderAI=12],None,None,0:0.3,12;,[]
login,[orderSI=0,orderAI=0],None,None,0:17.9,0;,[]
text_page,[announcement_one_play_two_responses2,bindSubmitKeyIDList=,[space],orderSI=13,orderAI=13],None,None,0:35.6,13;,[]
media_choice,[one_play_two_responses,audio,0.5,1,1,[[stimulus95_B]],[1,2],bindPlayKeyIDList=,[space],bindResponseKeyIDList=,[f,j],orderSI=31,orderAI=14],1,None,0:11.9,14;,0,1
media_choice,[one_play_two_responses,audio,0.5,1,1,[[stimulus136_A]],[1,2],bindPlayKeyIDList=,[space],bindResponseKeyIDList=,[f,j],orderSI=22,orderAI=15],1,None,0:8.2,15;,1,0
media_choice,[one_play_two_responses,audio,0.5,1,1,[[stimulus131_B]],[1,2],bindPlayKeyIDList=,[space],bindResponseKeyIDList=,[f,j],orderSI=27,orderAI=16],1,None,0:4.4,16;,0,1
media_choice,[one_play_two_responses,audio,0.5,1,1,[[stimulus44_A]],[1,2],bindPlayKeyIDList=,[space],bindResponseKeyIDList=,[f,j],orderSI=50,orderAI=17],1,None,0:4.8,17;,1,0
media_choice,[one_play_two_responses,audio,0.5,1,1,[[stimulus144_A]],[1,2],bindPlayKeyIDList=,[space],bindResponseKeyIDList=,[f,j],orderSI=14,orderAI=18],1,None,0:4.6,18;,1,0
media_choice,[one_play_two_responses,audio,0.5,1,1,[[stimulus34_B]],[1,2],bindPlayKeyIDList=,[space],bindResponseKeyIDList=,[f,j],orderSI=60,orderAI=19],1,None,0:4.6,19;,0,1
media_choice,[one_play_two_responses,audio,0.5,1,1,[[stimulus33_A]],[1,2],bindPlayKeyIDList=,[space],bindResponseKeyIDList=,[f,j],orderSI=61,orderAI=20],1,None,0:4.8,20;,1,0
media_choice,[one_play_two_responses,audio,0.5,1,1,[[stimulus93_A]],[1,2],bindPlayKeyIDList=,[space],bindResponseKeyIDList=,[f,j],orderSI=33,orderAI=21],1,None,0:3.6,21;,1,0
media_choice,[one_play_two_responses,audio,0.5,1,1,[[stimulus40_A]],[1,2],bindPlayKeyIDList=,[space],bindResponseKeyIDList=,[f,j],orderSI=54,orderAI=22],1,None,0:4.1,22;,0,1
media_choice,[one_play_two_responses,audio,0.5,1,1,[[stimulus96_A]],[1,2],bindPlayKeyIDList=,[space],bindResponseKeyIDList=,[f,j],orderSI=30,orderAI=23],1,None,0:3.4,23;,1,0
media_choice,[one_play_two_responses,audio,0.5,1,1,[[stimulus42_B]],[1,2],bindPlayKeyIDList=,[space],bindResponseKeyIDList=,[f,j],orderSI=52,orderAI=24],1,None,0:3.8,24;,0,1
media_choice,[one_play_two_responses,audio,0.5,1,1,[[stimulus139_B]],[1,2],bindPlayKeyIDList=,[space],bindResponseKeyIDList=,[f,j],orderSI=19,orderAI=25],1,None,0:3.7,25;,0,1
media_choice,[one_play_two_responses,audio,0.5,1,1,[[stimulus142_B]],[1,2],bindPlayKeyIDList=,[space],bindResponseKeyIDList=,[f,j],orderSI=16,orderAI=26],1,None,0:4.0,26;,0,1
media_choice,[one_play_two_responses,audio,0.5,1,1,[[stimulus88_A]],[1,2],bindPlayKeyIDList=,[space],bindResponseKeyIDList=,[f,j],orderSI=38,orderAI=27],1,None,0:4.3,27;,1,0
media_choice,[one_play_two_responses,audio,0.5,1,1,[[stimulus138_B]],[1,2],bindPlayKeyIDList=,[space],bindResponseKeyIDList=,[f,j],orderSI=20,orderAI=28],1,None,0:14.0,28;,0,1
media_choice,[one_play_two_responses,audio,0.5,1,1,[[stimulus129_A]],[1,2],bindPlayKeyIDList=,[space],bindResponseKeyIDList=,[f,j],orderSI=29,orderAI=29],1,None,0:4.2,29;,1,0
media_choice,[one_play_two_responses,audio,0.5,1,1,[[stimulus143_B]],[1,2],bindPlayKeyIDList=,[space],bindResponseKeyIDList=,[f,j],orderSI=15,orderAI=30],1,None,0:4.0,30;,0,1
media_choice,[one_play_two_responses,audio,0.5,1,1,[[stimulus91_B]],[1,2],bindPlayKeyIDList=,[space],bindResponseKeyIDList=,[f,j],orderSI=35,orderAI=31],1,None,0:31.1,31;,0,1
media_choice,[one_play_two_responses,audio,0.5,1,1,[[stimulus82_B]],[1,2],bindPlayKeyIDList=,[space],bindResponseKeyIDList=,[f,j],orderSI=44,orderAI=32],1,None,0:3.5,32;,0,1
media_choice,[one_play_two_responses,audio,0.5,1,1,[[stimulus37_A]],[1,2],bindPlayKeyIDList=,[space],bindResponseKeyIDList=,[f,j],orderSI=57,orderAI=33],1,None,0:4.5,33;,1,0
media_choice,[one_play_two_responses,audio,0.5,1,1,[[stimulus133_A]],[1,2],bindPlayKeyIDList=,[space],bindResponseKeyIDList=,[f,j],orderSI=25,orderAI=34],1,None,0:4.0,34;,1,0
media_choice,[one_play_two_responses,audio,0.5,1,1,[[stimulus41_A]],[1,2],bindPlayKeyIDList=,[space],bindResponseKeyIDList=,[f,j],orderSI=53,orderAI=35],1,None,0:3.6,35;,1,0
media_choice,[one_play_two_responses,audio,0.5,1,1,[[stimulus45_A]],[1,2],bindPlayKeyIDList=,[space],bindResponseKeyIDList=,[f,j],orderSI=49,orderAI=36],1,None,0:4.0,36;,1,0
media_choice,[one_play_two_responses,audio,0.5,1,1,[[stimulus43_B]],[1,2],bindPlayKeyIDList=,[space],bindResponseKeyIDList=,[f,j],orderSI=51,orderAI=37],1,None,0:3.9,37;,0,1
media_choice,[one_play_two_responses,audio,0.5,1,1,[[stimulus92_A]],[1,2],bindPlayKeyIDList=,[space],bindResponseKeyIDList=,[f,j],orderSI=34,orderAI=38],1,None,0:7.2,38;,1,0
media_choice,[one_play_two_responses,audio,0.5,1,1,[[stimulus86_B]],[1,2],bindPlayKeyIDList=,[space],bindResponseKeyIDList=,[f,j],orderSI=40,orderAI=39],1,None,0:3.5,39;,0,1
media_choice,[one_play_two_responses,audio,0.5,1,1,[[stimulus135_B]],[1,2],bindPlayKeyIDList=,[space],bindResponseKeyIDList=,[f,j],orderSI=23,orderAI=40],1,None,0:3.7,40;,0,1
media_choice,[one_play_two_responses,audio,0.5,1,1,[[stimulus89_A]],[1,2],bindPlayKeyIDList=,[space],bindResponseKeyIDList=,[f,j],orderSI=37,orderAI=41],1,None,0:4.1,41;,1,0
media_choice,[one_play_two_responses,audio,0.5,1,1,[[stimulus140_A]],[1,2],bindPlayKeyIDList=,[space],bindResponseKeyIDList=,[f,j],orderSI=18,orderAI=42],1,None,0:4.2,42;,1,0
media_choice,[one_play_two_responses,audio,0.5,1,1,[[stimulus90_B]],[1,2],bindPlayKeyIDList=,[space],bindResponseKeyIDList=,[f,j],orderSI=36,orderAI=43],1,None,0:3.6,43;,0,1
media_choice,[one_play_two_responses,audio,0.5,1,1,[[stimulus39_B]],[1,2],bindPlayKeyIDList=,[space],bindResponseKeyIDList=,[f,j],orderSI=55,orderAI=44],1,None,0:3.9,44;,0,1
media_choice,[one_play_two_responses,audio,0.5,1,1,[[stimulus130_B]],[1,2],bindPlayKeyIDList=,[space],bindResponseKeyIDList=,[f,j],orderSI=28,orderAI=45],1,None,0:3.5,45;,0,1
media_choice,[one_play_two_responses,audio,0.5,1,1,[[stimulus85_A]],[1,2],bindPlayKeyIDList=,[space],bindResponseKeyIDList=,[f,j],orderSI=41,orderAI=46],1,None,0:3.7,46;,1,0
media_choice,[one_play_two_responses,audio,0.5,1,1,[[stimulus47_B]],[1,2],bindPlayKeyIDList=,[space],bindResponseKeyIDList=,[f,j],orderSI=47,orderAI=47],1,None,0:29.6,47;,0,1
media_choice,[one_play_two_responses,audio,0.5,1,1,[[stimulus38_B]],[1,2],bindPlayKeyIDList=,[space],bindResponseKeyIDList=,[f,j],orderSI=56,orderAI=48],1,None,0:3.9,48;,0,1
media_choice,[one_play_two_responses,audio,0.5,1,1,[[stimulus84_A]],[1,2],bindPlayKeyIDList=,[space],bindResponseKeyIDList=,[f,j],orderSI=42,orderAI=49],1,None,0:3.9,49;,1,0
media_choice,[one_play_two_responses,audio,0.5,1,1,[[stimulus83_B]],[1,2],bindPlayKeyIDList=,[space],bindResponseKeyIDList=,[f,j],orderSI=43,orderAI=50],1,None,0:3.5,50;,0,1
media_choice,[one_play_two_responses,audio,0.5,1,1,[[stimulus132_A]],[1,2],bindPlayKeyIDList=,[space],bindResponseKeyIDList=,[f,j],orderSI=26,orderAI=51],1,None,0:3.7,51;,1,0
media_choice,[one_play_two_responses,audio,0.5,1,1,[[stimulus46_B]],[1,2],bindPlayKeyIDList=,[space],bindResponseKeyIDList=,[f,j],orderSI=48,orderAI=52],1,None,0:7.1,52;,0,1
media_choice,[one_play_two_responses,audio,0.5,1,1,[[stimulus87_B]],[1,2],bindPlayKeyIDList=,[space],bindResponseKeyIDList=,[f,j],orderSI=39,orderAI=53],1,None,0:3.7,53;,1,0
media_choice,[one_play_two_responses,audio,0.5,1,1,[[stimulus134_B]],[1,2],bindPlayKeyIDList=,[space],bindResponseKeyIDList=,[f,j],orderSI=24,orderAI=54],1,None,0:4.0,54;,0,1
media_choice,[one_play_two_responses,audio,0.5,1,1,[[stimulus48_A]],[1,2],bindPlayKeyIDList=,[space],bindResponseKeyIDList=,[f,j],orderSI=46,orderAI=55],1,None,0:4.5,55;,1,0
media_choice,[one_play_two_responses,audio,0.5,1,1,[[stimulus141_A]],[1,2],bindPlayKeyIDList=,[space],bindResponseKeyIDList=,[f,j],orderSI=17,orderAI=56],1,None,0:4.4,56;,1,0
media_choice,[one_play_two_responses,audio,0.5,1,1,[[stimulus35_B]],[1,2],bindPlayKeyIDList=,[space],bindResponseKeyIDList=,[f,j],orderSI=59,orderAI=57],1,None,0:4.2,57;,0,1
media_choice,[one_play_two_responses,audio,0.5,1,1,[[stimulus36_A]],[1,2],bindPlayKeyIDList=,[space],bindResponseKeyIDList=,[f,j],orderSI=58,orderAI=58],1,None,0:5.3,58;,0,1
media_choice,[one_play_two_responses,audio,0.5,1,1,[[stimulus81_A]],[1,2],bindPlayKeyIDList=,[space],bindResponseKeyIDList=,[f,j],orderSI=45,orderAI=59],1,None,0:3.9,59;,1,0
media_choice,[one_play_two_responses,audio,0.5,1,1,[[stimulus137_A]],[1,2],bindPlayKeyIDList=,[space],bindResponseKeyIDList=,[f,j],orderSI=21,orderAI=60],1,None,0:5.5,60;,1,0
media_choice,[one_play_two_responses,audio,0.5,1,1,[[stimulus94_B]],[1,2],bindPlayKeyIDList=,[space],bindResponseKeyIDList=,[f,j],orderSI=32,orderAI=61],1,None,0:3.6,61;,0,1
media_choice,[one_play_two_responses,audio,0.5,1,1,[[attention_check_francais_F_normalise]],[1,2],bindPlayKeyIDList=,[space],bindResponseKeyIDList=,[f,j],orderSI=62,orderAI=62],1,None,0:5.1,62;,1,0
text_page,[prot_pause,bindSubmitKeyIDList=,[space],orderSI=63,orderAI=63],None,None,1:49.9,63;,[]
media_choice,[one_play_two_responses,audio,0.5,1,1,[[stimulus79_B]],[1,2],bindPlayKeyIDList=,[space],bindResponseKeyIDList=,[f,j],orderSI=81,orderAI=64],1,None,0:7.8,64;,1,0
media_choice,[one_play_two_responses,audio,0.5,1,1,[[stimulus25_A]],[1,2],bindPlayKeyIDList=,[space],bindResponseKeyIDList=,[f,j],orderSI=103,orderAI=65],1,None,0:4.0,65;,1,0
media_choice,[one_play_two_responses,audio,0.5,1,1,[[stimulus18_B]],[1,2],bindPlayKeyIDList=,[space],bindResponseKeyIDList=,[f,j],orderSI=110,orderAI=66],1,None,0:4.4,66;,0,1
media_choice,[one_play_two_responses,audio,0.5,1,1,[[stimulus128_A]],[1,2],bindPlayKeyIDList=,[space],bindResponseKeyIDList=,[f,j],orderSI=64,orderAI=67],1,None,0:5.5,67;,1,0
media_choice,[one_play_two_responses,audio,0.5,1,1,[[stimulus120_A]],[1,2],bindPlayKeyIDList=,[space],bindResponseKeyIDList=,[f,j],orderSI=72,orderAI=68],1,None,0:5.0,68;,1,0
media_choice,[one_play_two_responses,audio,0.5,1,1,[[stimulus74_B]],[1,2],bindPlayKeyIDList=,[space],bindResponseKeyIDList=,[f,j],orderSI=86,orderAI=69],1,None,0:4.7,69;,0,1
media_choice,[one_play_two_responses,audio,0.5,1,1,[[stimulus117_A]],[1,2],bindPlayKeyIDList=,[space],bindResponseKeyIDList=,[f,j],orderSI=75,orderAI=70],1,None,0:6.0,70;,1,0
media_choice,[one_play_two_responses,audio,0.5,1,1,[[attention_check_francais_J_normalise]],[1,2],bindPlayKeyIDList=,[space],bindResponseKeyIDList=,[f,j],orderSI=112,orderAI=71],1,None,0:5.2,71;,0,1
media_choice,[one_play_two_responses,audio,0.5,1,1,[[stimulus125_A]],[1,2],bindPlayKeyIDList=,[space],bindResponseKeyIDList=,[f,j],orderSI=67,orderAI=72],1,None,0:5.0,72;,1,0
media_choice,[one_play_two_responses,audio,0.5,1,1,[[stimulus118_B]],[1,2],bindPlayKeyIDList=,[space],bindResponseKeyIDList=,[f,j],orderSI=74,orderAI=73],1,None,0:4.8,73;,0,1
media_choice,[one_play_two_responses,audio,0.5,1,1,[[stimulus20_A]],[1,2],bindPlayKeyIDList=,[space],bindResponseKeyIDList=,[f,j],orderSI=108,orderAI=74],1,None,0:4.4,74;,1,0
media_choice,[one_play_two_responses,audio,0.5,1,1,[[stimulus22_B]],[1,2],bindPlayKeyIDList=,[space],bindResponseKeyIDList=,[f,j],orderSI=106,orderAI=75],1,None,0:4.5,75;,0,1
media_choice,[one_play_two_responses,audio,0.5,1,1,[[stimulus116_A]],[1,2],bindPlayKeyIDList=,[space],bindResponseKeyIDList=,[f,j],orderSI=76,orderAI=76],1,None,0:5.1,76;,1,0
media_choice,[one_play_two_responses,audio,0.5,1,1,[[stimulus126_B]],[1,2],bindPlayKeyIDList=,[space],bindResponseKeyIDList=,[f,j],orderSI=66,orderAI=77],1,None,0:3.9,77;,0,1
media_choice,[one_play_two_responses,audio,0.5,1,1,[[stimulus26_B]],[1,2],bindPlayKeyIDList=,[space],bindResponseKeyIDList=,[f,j],orderSI=102,orderAI=78],1,None,0:3.7,78;,0,1
media_choice,[one_play_two_responses,audio,0.5,1,1,[[stimulus29_A]],[1,2],bindPlayKeyIDList=,[space],bindResponseKeyIDList=,[f,j],orderSI=99,orderAI=79],1,None,0:4.8,79;,0,1
media_choice,[one_play_two_responses,audio,0.5,1,1,[[stimulus31_B]],[1,2],bindPlayKeyIDList=,[space],bindResponseKeyIDList=,[f,j],orderSI=97,orderAI=80],1,None,0:6.8,80;,0,1
media_choice,[one_play_two_responses,audio,0.5,1,1,[[stimulus19_B]],[1,2],bindPlayKeyIDList=,[space],bindResponseKeyIDList=,[f,j],orderSI=109,orderAI=81],1,None,0:4.1,81;,0,1
media_choice,[one_play_two_responses,audio,0.5,1,1,[[stimulus23_B]],[1,2],bindPlayKeyIDList=,[space],bindResponseKeyIDList=,[f,j],orderSI=105,orderAI=82],1,None,0:4.9,82;,0,1
media_choice,[one_play_two_responses,audio,0.5,1,1,[[stimulus69_A]],[1,2],bindPlayKeyIDList=,[space],bindResponseKeyIDList=,[f,j],orderSI=91,orderAI=83],1,None,0:3.7,83;,1,0
media_choice,[one_play_two_responses,audio,0.5,1,1,[[stimulus17_A]],[1,2],bindPlayKeyIDList=,[space],bindResponseKeyIDList=,[f,j],orderSI=111,orderAI=84],1,None,0:3.9,84;,1,0
media_choice,[one_play_two_responses,audio,0.5,1,1,[[stimulus78_B]],[1,2],bindPlayKeyIDList=,[space],bindResponseKeyIDList=,[f,j],orderSI=82,orderAI=85],1,None,0:5.8,85;,1,0
media_choice,[one_play_two_responses,audio,0.5,1,1,[[stimulus24_A]],[1,2],bindPlayKeyIDList=,[space],bindResponseKeyIDList=,[f,j],orderSI=104,orderAI=86],1,None,0:4.3,86;,0,1
media_choice,[one_play_two_responses,audio,0.5,1,1,[[stimulus70_B]],[1,2],bindPlayKeyIDList=,[space],bindResponseKeyIDList=,[f,j],orderSI=90,orderAI=87],1,None,0:4.9,87;,0,1
media_choice,[one_play_two_responses,audio,0.5,1,1,[[stimulus68_A]],[1,2],bindPlayKeyIDList=,[space],bindResponseKeyIDList=,[f,j],orderSI=92,orderAI=88],1,None,0:5.4,88;,1,0
media_choice,[one_play_two_responses,audio,0.5,1,1,[[stimulus72_A]],[1,2],bindPlayKeyIDList=,[space],bindResponseKeyIDList=,[f,j],orderSI=88,orderAI=89],1,None,0:3.4,89;,1,0
media_choice,[one_play_two_responses,audio,0.5,1,1,[[stimulus123_B]],[1,2],bindPlayKeyIDList=,[space],bindResponseKeyIDList=,[f,j],orderSI=69,orderAI=90],1,None,0:3.7,90;,0,1
media_choice,[one_play_two_responses,audio,0.5,1,1,[[stimulus30_B]],[1,2],bindPlayKeyIDList=,[space],bindResponseKeyIDList=,[f,j],orderSI=98,orderAI=91],1,None,0:4.1,91;,1,0
media_choice,[one_play_two_responses,audio,0.5,1,1,[[stimulus67_B]],[1,2],bindPlayKeyIDList=,[space],bindResponseKeyIDList=,[f,j],orderSI=93,orderAI=92],1,None,0:3.6,92;,0,1
media_choice,[one_play_two_responses,audio,0.5,1,1,[[stimulus80_A]],[1,2],bindPlayKeyIDList=,[space],bindResponseKeyIDList=,[f,j],orderSI=80,orderAI=93],1,None,0:4.7,93;,1,0
media_choice,[one_play_two_responses,audio,0.5,1,1,[[stimulus113_A]],[1,2],bindPlayKeyIDList=,[space],bindResponseKeyIDList=,[f,j],orderSI=79,orderAI=94],1,None,0:3.7,94;,1,0
media_choice,[one_play_two_responses,audio,0.5,1,1,[[stimulus32_A]],[1,2],bindPlayKeyIDList=,[space],bindResponseKeyIDList=,[f,j],orderSI=96,orderAI=95],1,None,0:3.9,95;,1,0
media_choice,[one_play_two_responses,audio,0.5,1,1,[[stimulus66_B]],[1,2],bindPlayKeyIDList=,[space],bindResponseKeyIDList=,[f,j],orderSI=94,orderAI=96],1,None,0:4.1,96;,0,1
media_choice,[one_play_two_responses,audio,0.5,1,1,[[stimulus76_A]],[1,2],bindPlayKeyIDList=,[space],bindResponseKeyIDList=,[f,j],orderSI=84,orderAI=97],1,None,0:6.8,97;,0,1
media_choice,[one_play_two_responses,audio,0.5,1,1,[[stimulus121_A]],[1,2],bindPlayKeyIDList=,[space],bindResponseKeyIDList=,[f,j],orderSI=71,orderAI=98],1,None,0:4.2,98;,1,0
media_choice,[one_play_two_responses,audio,0.5,1,1,[[stimulus27_B]],[1,2],bindPlayKeyIDList=,[space],bindResponseKeyIDList=,[f,j],orderSI=101,orderAI=99],1,None,0:4.5,99;,0,1
media_choice,[one_play_two_responses,audio,0.5,1,1,[[stimulus122_B]],[1,2],bindPlayKeyIDList=,[space],bindResponseKeyIDList=,[f,j],orderSI=70,orderAI=100],1,None,0:3.9,100;,0,1
media_choice,[one_play_two_responses,audio,0.5,1,1,[[stimulus73_A]],[1,2],bindPlayKeyIDList=,[space],bindResponseKeyIDList=,[f,j],orderSI=87,orderAI=101],1,None,0:7.4,101;,1,0
media_choice,[one_play_two_responses,audio,0.5,1,1,[[stimulus21_A]],[1,2],bindPlayKeyIDList=,[space],bindResponseKeyIDList=,[f,j],orderSI=107,orderAI=102],1,None,0:7.2,102;,0,1
media_choice,[one_play_two_responses,audio,0.5,1,1,[[stimulus65_A]],[1,2],bindPlayKeyIDList=,[space],bindResponseKeyIDList=,[f,j],orderSI=95,orderAI=103],1,None,0:5.2,103;,0,1
media_choice,[one_play_two_responses,audio,0.5,1,1,[[stimulus127_B]],[1,2],bindPlayKeyIDList=,[space],bindResponseKeyIDList=,[f,j],orderSI=65,orderAI=104],1,None,0:3.5,104;,0,1
media_choice,[one_play_two_responses,audio,0.5,1,1,[[stimulus77_A]],[1,2],bindPlayKeyIDList=,[space],bindResponseKeyIDList=,[f,j],orderSI=83,orderAI=105],1,None,0:4.0,105;,1,0
media_choice,[one_play_two_responses,audio,0.5,1,1,[[stimulus28_A]],[1,2],bindPlayKeyIDList=,[space],bindResponseKeyIDList=,[f,j],orderSI=100,orderAI=106],1,None,0:5.2,106;,1,0
media_choice,[one_play_two_responses,audio,0.5,1,1,[[stimulus115_B]],[1,2],bindPlayKeyIDList=,[space],bindResponseKeyIDList=,[f,j],orderSI=77,orderAI=107],1,None,0:3.8,107;,0,1
media_choice,[one_play_two_responses,audio,0.5,1,1,[[stimulus119_B]],[1,2],bindPlayKeyIDList=,[space],bindResponseKeyIDList=,[f,j],orderSI=73,orderAI=108],1,None,0:3.8,108;,0,1
media_choice,[one_play_two_responses,audio,0.5,1,1,[[stimulus124_A]],[1,2],bindPlayKeyIDList=,[space],bindResponseKeyIDList=,[f,j],orderSI=68,orderAI=109],1,None,0:5.5,109;,1,0
media_choice,[one_play_two_responses,audio,0.5,1,1,[[stimulus114_B]],[1,2],bindPlayKeyIDList=,[space],bindResponseKeyIDList=,[f,j],orderSI=78,orderAI=110],1,None,0:9.1,110;,0,1
media_choice,[one_play_two_responses,audio,0.5,1,1,[[stimulus71_B]],[1,2],bindPlayKeyIDList=,[space],bindResponseKeyIDList=,[f,j],orderSI=89,orderAI=111],1,None,0:3.6,111;,0,1
media_choice,[one_play_two_responses,audio,0.5,1,1,[[stimulus75_B]],[1,2],bindPlayKeyIDList=,[space],bindResponseKeyIDList=,[f,j],orderSI=85,orderAI=112],1,None,0:3.6,112;,0,1
text_page,[prot_pause2,bindSubmitKeyIDList=,[space],orderSI=113,orderAI=113],None,None,1:47.8,113;,[]
media_choice,[one_play_two_responses,audio,0.5,1,1,[[stimulus101_A]],[1,2],bindPlayKeyIDList=,[space],bindResponseKeyIDList=,[f,j],orderSI=125,orderAI=114],1,None,0:4.8,114;,1,0
media_choice,[one_play_two_responses,audio,0.5,1,1,[[stimulus54_B]],[1,2],bindPlayKeyIDList=,[space],bindResponseKeyIDList=,[f,j],orderSI=140,orderAI=115],1,None,0:5.0,115;,1,0
media_choice,[one_play_two_responses,audio,0.5,1,1,[[stimulus62_B]],[1,2],bindPlayKeyIDList=,[space],bindResponseKeyIDList=,[f,j],orderSI=132,orderAI=116],1,None,0:4.3,116;,0,1
media_choice,[one_play_two_responses,audio,0.5,1,1,[[stimulus97_A]],[1,2],bindPlayKeyIDList=,[space],bindResponseKeyIDList=,[f,j],orderSI=129,orderAI=117],1,None,0:5.0,117;,1,0
media_choice,[one_play_two_responses,audio,0.5,1,1,[[stimulus10_B]],[1,2],bindPlayKeyIDList=,[space],bindResponseKeyIDList=,[f,j],orderSI=152,orderAI=118],1,None,0:4.1,118;,0,1
media_choice,[one_play_two_responses,audio,0.5,1,1,[[stimulus104_A]],[1,2],bindPlayKeyIDList=,[space],bindResponseKeyIDList=,[f,j],orderSI=122,orderAI=119],1,None,0:4.2,119;,1,0
media_choice,[one_play_two_responses,audio,0.5,1,1,[[stimulus98_B]],[1,2],bindPlayKeyIDList=,[space],bindResponseKeyIDList=,[f,j],orderSI=128,orderAI=120],1,None,0:3.3,120;,0,1
media_choice,[one_play_two_responses,audio,0.5,1,1,[[stimulus49_A]],[1,2],bindPlayKeyIDList=,[space],bindResponseKeyIDList=,[f,j],orderSI=145,orderAI=121],1,None,0:3.8,121;,1,0
media_choice,[one_play_two_responses,audio,0.5,1,1,[[stimulus50_B]],[1,2],bindPlayKeyIDList=,[space],bindResponseKeyIDList=,[f,j],orderSI=144,orderAI=122],1,None,0:3.8,122;,0,1
media_choice,[one_play_two_responses,audio,0.5,1,1,[[stimulus5_A]],[1,2],bindPlayKeyIDList=,[space],bindResponseKeyIDList=,[f,j],orderSI=157,orderAI=123],1,None,0:3.8,123;,1,0
media_choice,[one_play_two_responses,audio,0.5,1,1,[[stimulus52_A]],[1,2],bindPlayKeyIDList=,[space],bindResponseKeyIDList=,[f,j],orderSI=142,orderAI=124],1,None,0:3.9,124;,0,1
media_choice,[one_play_two_responses,audio,0.5,1,1,[[stimulus110_B]],[1,2],bindPlayKeyIDList=,[space],bindResponseKeyIDList=,[f,j],orderSI=116,orderAI=125],1,None,0:3.1,125;,0,1
media_choice,[one_play_two_responses,audio,0.5,1,1,[[stimulus106_B]],[1,2],bindPlayKeyIDList=,[space],bindResponseKeyIDList=,[f,j],orderSI=120,orderAI=126],1,None,0:3.1,126;,0,1
media_choice,[one_play_two_responses,audio,0.5,1,1,[[stimulus6_B]],[1,2],bindPlayKeyIDList=,[space],bindResponseKeyIDList=,[f,j],orderSI=156,orderAI=127],1,None,0:3.5,127;,0,1
media_choice,[one_play_two_responses,audio,0.5,1,1,[[attention_check_francais_F_normalise]],[1,2],bindPlayKeyIDList=,[space],bindResponseKeyIDList=,[f,j],orderSI=162,orderAI=128],1,None,0:4.4,128;,1,0
media_choice,[one_play_two_responses,audio,0.5,1,1,[[stimulus112_A]],[1,2],bindPlayKeyIDList=,[space],bindResponseKeyIDList=,[f,j],orderSI=114,orderAI=129],1,None,0:4.0,129;,1,0
media_choice,[one_play_two_responses,audio,0.5,1,1,[[stimulus13_A]],[1,2],bindPlayKeyIDList=,[space],bindResponseKeyIDList=,[f,j],orderSI=149,orderAI=130],1,None,0:4.0,130;,0,1
media_choice,[one_play_two_responses,audio,0.5,1,1,[[stimulus56_A]],[1,2],bindPlayKeyIDList=,[space],bindResponseKeyIDList=,[f,j],orderSI=138,orderAI=131],1,None,0:4.2,131;,1,0
media_choice,[one_play_two_responses,audio,0.5,1,1,[[stimulus16_A]],[1,2],bindPlayKeyIDList=,[space],bindResponseKeyIDList=,[f,j],orderSI=146,orderAI=132],1,None,0:3.8,132;,1,0
media_choice,[one_play_two_responses,audio,0.5,1,1,[[stimulus103_B]],[1,2],bindPlayKeyIDList=,[space],bindResponseKeyIDList=,[f,j],orderSI=123,orderAI=133],1,None,0:3.2,133;,0,1
media_choice,[one_play_two_responses,audio,0.5,1,1,[[stimulus111_B]],[1,2],bindPlayKeyIDList=,[space],bindResponseKeyIDList=,[f,j],orderSI=115,orderAI=134],1,None,0:3.3,134;,0,1
media_choice,[one_play_two_responses,audio,0.5,1,1,[[stimulus63_B]],[1,2],bindPlayKeyIDList=,[space],bindResponseKeyIDList=,[f,j],orderSI=131,orderAI=135],1,None,0:3.2,135;,0,1
media_choice,[one_play_two_responses,audio,0.5,1,1,[[stimulus102_B]],[1,2],bindPlayKeyIDList=,[space],bindResponseKeyIDList=,[f,j],orderSI=124,orderAI=136],1,None,0:2.9,136;,0,1
media_choice,[one_play_two_responses,audio,0.5,1,1,[[stimulus55_B]],[1,2],bindPlayKeyIDList=,[space],bindResponseKeyIDList=,[f,j],orderSI=139,orderAI=137],1,None,0:3.8,137;,0,1
media_choice,[one_play_two_responses,audio,0.5,1,1,[[stimulus53_A]],[1,2],bindPlayKeyIDList=,[space],bindResponseKeyIDList=,[f,j],orderSI=141,orderAI=138],1,None,0:5.6,138;,0,1
media_choice,[one_play_two_responses,audio,0.5,1,1,[[stimulus107_B]],[1,2],bindPlayKeyIDList=,[space],bindResponseKeyIDList=,[f,j],orderSI=119,orderAI=139],1,None,0:3.5,139;,0,1
media_choice,[one_play_two_responses,audio,0.5,1,1,[[stimulus99_B]],[1,2],bindPlayKeyIDList=,[space],bindResponseKeyIDList=,[f,j],orderSI=127,orderAI=140],1,None,0:4.1,140;,0,1
media_choice,[one_play_two_responses,audio,0.5,1,1,[[stimulus11_B]],[1,2],bindPlayKeyIDList=,[space],bindResponseKeyIDList=,[f,j],orderSI=151,orderAI=141],1,None,0:4.6,141;,0,1
media_choice,[one_play_two_responses,audio,0.5,1,1,[[stimulus57_A]],[1,2],bindPlayKeyIDList=,[space],bindResponseKeyIDList=,[f,j],orderSI=137,orderAI=142],1,None,0:5.6,142;,0,1
media_choice,[one_play_two_responses,audio,0.5,1,1,[[stimulus9_A]],[1,2],bindPlayKeyIDList=,[space],bindResponseKeyIDList=,[f,j],orderSI=153,orderAI=143],1,None,0:3.7,143;,1,0
media_choice,[one_play_two_responses,audio,0.5,1,1,[[stimulus61_A]],[1,2],bindPlayKeyIDList=,[space],bindResponseKeyIDList=,[f,j],orderSI=133,orderAI=144],1,None,0:5.8,144;,0,1
media_choice,[one_play_two_responses,audio,0.5,1,1,[[stimulus4_A]],[1,2],bindPlayKeyIDList=,[space],bindResponseKeyIDList=,[f,j],orderSI=158,orderAI=145],1,None,0:7.9,145;,0,1
media_choice,[one_play_two_responses,audio,0.5,1,1,[[stimulus15_B]],[1,2],bindPlayKeyIDList=,[space],bindResponseKeyIDList=,[f,j],orderSI=147,orderAI=146],1,None,0:5.4,146;,0,1
media_choice,[one_play_two_responses,audio,0.5,1,1,[[stimulus64_A]],[1,2],bindPlayKeyIDList=,[space],bindResponseKeyIDList=,[f,j],orderSI=130,orderAI=147],1,None,0:4.5,147;,1,0
media_choice,[one_play_two_responses,audio,0.5,1,1,[[stimulus58_B]],[1,2],bindPlayKeyIDList=,[space],bindResponseKeyIDList=,[f,j],orderSI=136,orderAI=148],1,None,1:52.4,148;,0,1
media_choice,[one_play_two_responses,audio,0.5,1,1,[[stimulus3_B]],[1,2],bindPlayKeyIDList=,[space],bindResponseKeyIDList=,[f,j],orderSI=159,orderAI=149],1,None,0:4.2,149;,0,1
media_choice,[one_play_two_responses,audio,0.5,1,1,[[stimulus59_B]],[1,2],bindPlayKeyIDList=,[space],bindResponseKeyIDList=,[f,j],orderSI=135,orderAI=150],1,None,0:7.8,150;,1,0
media_choice,[one_play_two_responses,audio,0.5,1,1,[[stimulus51_B]],[1,2],bindPlayKeyIDList=,[space],bindResponseKeyIDList=,[f,j],orderSI=143,orderAI=151],1,None,0:3.8,151;,0,1
media_choice,[one_play_two_responses,audio,0.5,1,1,[[stimulus108_A]],[1,2],bindPlayKeyIDList=,[space],bindResponseKeyIDList=,[f,j],orderSI=118,orderAI=152],1,None,0:3.6,152;,1,0
media_choice,[one_play_two_responses,audio,0.5,1,1,[[stimulus60_A]],[1,2],bindPlayKeyIDList=,[space],bindResponseKeyIDList=,[f,j],orderSI=134,orderAI=153],1,None,0:4.2,153;,1,0
media_choice,[one_play_two_responses,audio,0.5,1,1,[[stimulus8_A]],[1,2],bindPlayKeyIDList=,[space],bindResponseKeyIDList=,[f,j],orderSI=154,orderAI=154],1,None,0:3.8,154;,1,0
media_choice,[one_play_two_responses,audio,0.5,1,1,[[stimulus109_A]],[1,2],bindPlayKeyIDList=,[space],bindResponseKeyIDList=,[f,j],orderSI=117,orderAI=155],1,None,0:4.7,155;,1,0
media_choice,[one_play_two_responses,audio,0.5,1,1,[[stimulus14_B]],[1,2],bindPlayKeyIDList=,[space],bindResponseKeyIDList=,[f,j],orderSI=148,orderAI=156],1,None,0:4.4,156;,0,1
media_choice,[one_play_two_responses,audio,0.5,1,1,[[stimulus105_A]],[1,2],bindPlayKeyIDList=,[space],bindResponseKeyIDList=,[f,j],orderSI=121,orderAI=157],1,None,0:5.1,157;,1,0
media_choice,[one_play_two_responses,audio,0.5,1,1,[[stimulus2_B]],[1,2],bindPlayKeyIDList=,[space],bindResponseKeyIDList=,[f,j],orderSI=160,orderAI=158],1,None,0:5.2,158;,0,1
media_choice,[one_play_two_responses,audio,0.5,1,1,[[stimulus7_B]],[1,2],bindPlayKeyIDList=,[space],bindResponseKeyIDList=,[f,j],orderSI=155,orderAI=159],1,None,0:6.0,159;,0,1
media_choice,[one_play_two_responses,audio,0.5,1,1,[[stimulus1_A]],[1,2],bindPlayKeyIDList=,[space],bindResponseKeyIDList=,[f,j],orderSI=161,orderAI=160],1,None,0:4.3,160;,1,0
media_choice,[one_play_two_responses,audio,0.5,1,1,[[stimulus100_A]],[1,2],bindPlayKeyIDList=,[space],bindResponseKeyIDList=,[f,j],orderSI=126,orderAI=161],1,None,0:3.8,161;,1,0
media_choice,[one_play_two_responses,audio,0.5,1,1,[[stimulus12_A]],[1,2],bindPlayKeyIDList=,[space],bindResponseKeyIDList=,[f,j],orderSI=150,orderAI=162],1,None,0:4.7,162;,1,0
valsurvey,[postsurvey,orderSI=163,orderAI=163],None,None,0:29.4,163;,0,1,0,0,0,0,0,0,1,0,0,0,1,0,0,0,1,0,1,0,0,0,0,1,79
survey,[postsurvey2,orderSI=164,orderAI=164],None,None,1:31.3,164;,J'ai d'abord essayé d'y accéder avec opéra mais un message d'erreur s'est affiché. En voici la capture d'écran : https://i.imgur.com/5M32Szk.png - Il aurait pu être préférable de rendre possible un retour à la "question" précédente simplement en cas de touche pressé par accident.,Aucune idée.
