login,[orderSI=0,orderAI=0],None,None,0:13.0,0;,[]
media_test,[audio,triplet_t00000000001,orderSI=1,orderAI=1],2,None,0:16.4,1;,[]
consent,[prot_demo_consent,orderSI=2,orderAI=2],None,None,0:4.7,2;,[]
valsurvey,[presurvey,orderSI=3,orderAI=3],None,None,0:37.7,3;,1,0,0,0,0,0,0,1,Français,Français Anglais Espagnol,Français Anglais Espagnol,0,1,0,1,0,1,0,1,0,1,0,1
text_page,[prot_instr1,bindSubmitKeyIDList=,[space],orderSI=4,orderAI=4],None,None,0:7.0,4;,[]
text_page,[prot_instr2,bindSubmitKeyIDList=,[space],orderSI=5,orderAI=5],None,None,0:9.9,5;,[]
text_page,[prot_instr3,bindSubmitKeyIDList=,[space],orderSI=6,orderAI=6],None,None,0:7.1,6;,[]
text_page,[prot_announcement_catch_trial,bindSubmitKeyIDList=,[space],orderSI=7,orderAI=7],None,None,0:1.6,7;,[]
media_choice,[prot_catch_trial,audio,0.5,1,1,[[practice_t00000009033]],[1,2],bindPlayKeyIDList=,[space],bindResponseKeyIDList=,[f,j],orderSI=8,orderAI=8],1,None,0:12.6,8;,1,0
media_choice,[prot_catch_trial,audio,0.5,1,1,[[practice_t00000018860]],[1,2],bindPlayKeyIDList=,[space],bindResponseKeyIDList=,[f,j],orderSI=9,orderAI=9],1,None,0:12.5,9;,1,0
media_choice,[prot_catch_trial,audio,0.5,1,1,[[practice_t00000019593]],[1,2],bindPlayKeyIDList=,[space],bindResponseKeyIDList=,[f,j],orderSI=10,orderAI=10],1,None,0:4.0,10;,1,0
media_choice,[prot_catch_trial,audio,0.5,1,1,[[practice_t00000027525]],[1,2],bindPlayKeyIDList=,[space],bindResponseKeyIDList=,[f,j],orderSI=11,orderAI=11],1,None,0:3.4,11;,0,1
media_choice,[prot_catch_trial,audio,0.5,1,1,[[practice_t00000074757]],[1,2],bindPlayKeyIDList=,[space],bindResponseKeyIDList=,[f,j],orderSI=12,orderAI=12],1,None,0:4.0,12;,0,1
media_choice,[prot_catch_trial,audio,0.5,1,1,[[practice_t00000103879]],[1,2],bindPlayKeyIDList=,[space],bindResponseKeyIDList=,[f,j],orderSI=13,orderAI=13],1,None,0:11.6,13;,1,0
media_choice,[prot_catch_trial,audio,0.5,1,1,[[practice_t00000008895]],[1,2],bindPlayKeyIDList=,[space],bindResponseKeyIDList=,[f,j],orderSI=14,orderAI=14],1,None,0:4.6,14;,1,0
media_choice,[prot_catch_trial,audio,0.5,1,1,[[practice_t00000008454]],[1,2],bindPlayKeyIDList=,[space],bindResponseKeyIDList=,[f,j],orderSI=15,orderAI=15],1,None,5:7.4,15;,1,0
text_page,[announcement_one_play_two_responses,bindSubmitKeyIDList=,[space],orderSI=16,orderAI=16],None,None,0:2.9,16;,[]
text_page,[announcement_one_play_two_responses2,bindSubmitKeyIDList=,[space],orderSI=17,orderAI=17],None,None,0:11.1,17;,[]
media_choice,[one_play_two_responses,audio,0.5,1,1,[[triplet_t00000017936]],[1,2],bindPlayKeyIDList=,[space],bindResponseKeyIDList=,[f,j],orderSI=27,orderAI=18],1,None,0:8.1,18;,0,1
media_choice,[one_play_two_responses,audio,0.5,1,1,[[triplet_t00000094079]],[1,2],bindPlayKeyIDList=,[space],bindResponseKeyIDList=,[f,j],orderSI=44,orderAI=19],1,None,0:4.1,19;,1,0
media_choice,[one_play_two_responses,audio,0.5,1,1,[[triplet_t00000061434]],[1,2],bindPlayKeyIDList=,[space],bindResponseKeyIDList=,[f,j],orderSI=45,orderAI=20],1,None,0:2.7,20;,1,0
media_choice,[one_play_two_responses,audio,0.5,1,1,[[triplet_t00000101594]],[1,2],bindPlayKeyIDList=,[space],bindResponseKeyIDList=,[f,j],orderSI=57,orderAI=21],1,None,0:3.2,21;,1,0
media_choice,[one_play_two_responses,audio,0.5,1,1,[[triplet_t00000014662]],[1,2],bindPlayKeyIDList=,[space],bindResponseKeyIDList=,[f,j],orderSI=43,orderAI=22],1,None,0:6.9,22;,0,1
media_choice,[one_play_two_responses,audio,0.5,1,1,[[triplet_t00000106709]],[1,2],bindPlayKeyIDList=,[space],bindResponseKeyIDList=,[f,j],orderSI=32,orderAI=23],1,None,0:3.2,23;,1,0
media_choice,[one_play_two_responses,audio,0.5,1,1,[[triplet_t00000001209]],[1,2],bindPlayKeyIDList=,[space],bindResponseKeyIDList=,[f,j],orderSI=38,orderAI=24],1,None,0:3.6,24;,1,0
media_choice,[one_play_two_responses,audio,0.5,1,1,[[attention_check_francais_F_normalise]],[1,2],bindPlayKeyIDList=,[space],bindResponseKeyIDList=,[f,j],orderSI=71,orderAI=25],1,None,0:5.6,25;,1,0
media_choice,[one_play_two_responses,audio,0.5,1,1,[[triplet_t00000103871]],[1,2],bindPlayKeyIDList=,[space],bindResponseKeyIDList=,[f,j],orderSI=56,orderAI=26],1,None,0:5.2,26;,0,1
media_choice,[one_play_two_responses,audio,0.5,1,1,[[triplet_t00000035729]],[1,2],bindPlayKeyIDList=,[space],bindResponseKeyIDList=,[f,j],orderSI=49,orderAI=27],1,None,0:2.7,27;,1,0
media_choice,[one_play_two_responses,audio,0.5,1,1,[[triplet_t00000054803]],[1,2],bindPlayKeyIDList=,[space],bindResponseKeyIDList=,[f,j],orderSI=23,orderAI=28],1,None,0:5.7,28;,0,1
media_choice,[one_play_two_responses,audio,0.5,1,1,[[triplet_t00000095760]],[1,2],bindPlayKeyIDList=,[space],bindResponseKeyIDList=,[f,j],orderSI=19,orderAI=29],1,None,0:3.7,29;,0,1
media_choice,[one_play_two_responses,audio,0.5,1,1,[[triplet_t00000076038]],[1,2],bindPlayKeyIDList=,[space],bindResponseKeyIDList=,[f,j],orderSI=63,orderAI=30],1,None,0:2.8,30;,1,0
media_choice,[one_play_two_responses,audio,0.5,1,1,[[triplet_t00000103083]],[1,2],bindPlayKeyIDList=,[space],bindResponseKeyIDList=,[f,j],orderSI=42,orderAI=31],1,None,0:6.3,31;,0,1
media_choice,[one_play_two_responses,audio,0.5,1,1,[[triplet_t00000074991]],[1,2],bindPlayKeyIDList=,[space],bindResponseKeyIDList=,[f,j],orderSI=35,orderAI=32],1,None,0:2.7,32;,0,1
media_choice,[one_play_two_responses,audio,0.5,1,1,[[triplet_t00000017958]],[1,2],bindPlayKeyIDList=,[space],bindResponseKeyIDList=,[f,j],orderSI=26,orderAI=33],1,None,0:3.0,33;,1,0
media_choice,[one_play_two_responses,audio,0.5,1,1,[[triplet_t00000089910]],[1,2],bindPlayKeyIDList=,[space],bindResponseKeyIDList=,[f,j],orderSI=30,orderAI=34],1,None,0:3.1,34;,1,0
media_choice,[one_play_two_responses,audio,0.5,1,1,[[triplet_t00000050383]],[1,2],bindPlayKeyIDList=,[space],bindResponseKeyIDList=,[f,j],orderSI=40,orderAI=35],1,None,0:3.8,35;,1,0
media_choice,[one_play_two_responses,audio,0.5,1,1,[[triplet_t00000095506]],[1,2],bindPlayKeyIDList=,[space],bindResponseKeyIDList=,[f,j],orderSI=29,orderAI=36],1,None,0:3.6,36;,0,1
media_choice,[one_play_two_responses,audio,0.5,1,1,[[triplet_t00000016458]],[1,2],bindPlayKeyIDList=,[space],bindResponseKeyIDList=,[f,j],orderSI=24,orderAI=37],1,None,0:2.5,37;,1,0
media_choice,[one_play_two_responses,audio,0.5,1,1,[[triplet_t00000011609]],[1,2],bindPlayKeyIDList=,[space],bindResponseKeyIDList=,[f,j],orderSI=33,orderAI=38],1,None,0:2.8,38;,0,1
media_choice,[one_play_two_responses,audio,0.5,1,1,[[triplet_t00000041801]],[1,2],bindPlayKeyIDList=,[space],bindResponseKeyIDList=,[f,j],orderSI=46,orderAI=39],1,None,0:3.4,39;,0,1
media_choice,[one_play_two_responses,audio,0.5,1,1,[[triplet_t00000082998]],[1,2],bindPlayKeyIDList=,[space],bindResponseKeyIDList=,[f,j],orderSI=31,orderAI=40],1,None,0:3.9,40;,1,0
media_choice,[one_play_two_responses,audio,0.5,1,1,[[triplet_t00000025515]],[1,2],bindPlayKeyIDList=,[space],bindResponseKeyIDList=,[f,j],orderSI=52,orderAI=41],1,None,0:2.6,41;,0,1
media_choice,[one_play_two_responses,audio,0.5,1,1,[[triplet_t00000100193]],[1,2],bindPlayKeyIDList=,[space],bindResponseKeyIDList=,[f,j],orderSI=25,orderAI=42],1,None,0:4.5,42;,0,1
media_choice,[one_play_two_responses,audio,0.5,1,1,[[triplet_t00000099683]],[1,2],bindPlayKeyIDList=,[space],bindResponseKeyIDList=,[f,j],orderSI=59,orderAI=43],1,None,0:2.5,43;,1,0
media_choice,[one_play_two_responses,audio,0.5,1,1,[[triplet_t00000043753]],[1,2],bindPlayKeyIDList=,[space],bindResponseKeyIDList=,[f,j],orderSI=22,orderAI=44],1,None,0:4.3,44;,1,0
media_choice,[one_play_two_responses,audio,0.5,1,1,[[triplet_t00000000014]],[1,2],bindPlayKeyIDList=,[space],bindResponseKeyIDList=,[f,j],orderSI=70,orderAI=45],1,None,0:4.7,45;,1,0
media_choice,[one_play_two_responses,audio,0.5,1,1,[[triplet_t00000074840]],[1,2],bindPlayKeyIDList=,[space],bindResponseKeyIDList=,[f,j],orderSI=34,orderAI=46],1,None,0:2.5,46;,1,0
media_choice,[one_play_two_responses,audio,0.5,1,1,[[triplet_t00000094164]],[1,2],bindPlayKeyIDList=,[space],bindResponseKeyIDList=,[f,j],orderSI=39,orderAI=47],1,None,0:4.0,47;,0,1
media_choice,[one_play_two_responses,audio,0.5,1,1,[[triplet_t00000000006]],[1,2],bindPlayKeyIDList=,[space],bindResponseKeyIDList=,[f,j],orderSI=62,orderAI=48],1,None,0:3.0,48;,1,0
media_choice,[one_play_two_responses,audio,0.5,1,1,[[triplet_t00000006108]],[1,2],bindPlayKeyIDList=,[space],bindResponseKeyIDList=,[f,j],orderSI=48,orderAI=49],1,None,0:3.6,49;,0,1
media_choice,[one_play_two_responses,audio,0.5,1,1,[[triplet_t00000103774]],[1,2],bindPlayKeyIDList=,[space],bindResponseKeyIDList=,[f,j],orderSI=55,orderAI=50],1,None,0:2.9,50;,1,0
media_choice,[one_play_two_responses,audio,0.5,1,1,[[triplet_t00000000011]],[1,2],bindPlayKeyIDList=,[space],bindResponseKeyIDList=,[f,j],orderSI=69,orderAI=51],1,None,0:5.9,51;,1,0
media_choice,[one_play_two_responses,audio,0.5,1,1,[[triplet_t00000050941]],[1,2],bindPlayKeyIDList=,[space],bindResponseKeyIDList=,[f,j],orderSI=18,orderAI=52],1,None,0:2.6,52;,1,0
media_choice,[one_play_two_responses,audio,0.5,1,1,[[triplet_t00000013296]],[1,2],bindPlayKeyIDList=,[space],bindResponseKeyIDList=,[f,j],orderSI=65,orderAI=53],1,None,0:3.4,53;,1,0
media_choice,[one_play_two_responses,audio,0.5,1,1,[[triplet_t00000000009]],[1,2],bindPlayKeyIDList=,[space],bindResponseKeyIDList=,[f,j],orderSI=61,orderAI=54],1,None,0:3.9,54;,1,0
media_choice,[one_play_two_responses,audio,0.5,1,1,[[triplet_t00000100662]],[1,2],bindPlayKeyIDList=,[space],bindResponseKeyIDList=,[f,j],orderSI=54,orderAI=55],1,None,0:2.8,55;,0,1
media_choice,[one_play_two_responses,audio,0.5,1,1,[[triplet_t00000101386]],[1,2],bindPlayKeyIDList=,[space],bindResponseKeyIDList=,[f,j],orderSI=58,orderAI=56],1,None,0:3.5,56;,1,0
media_choice,[one_play_two_responses,audio,0.5,1,1,[[triplet_t00000014247]],[1,2],bindPlayKeyIDList=,[space],bindResponseKeyIDList=,[f,j],orderSI=67,orderAI=57],1,None,0:5.9,57;,0,1
media_choice,[one_play_two_responses,audio,0.5,1,1,[[triplet_t00000089334]],[1,2],bindPlayKeyIDList=,[space],bindResponseKeyIDList=,[f,j],orderSI=37,orderAI=58],1,None,0:5.4,58;,0,1
media_choice,[one_play_two_responses,audio,0.5,1,1,[[triplet_t00000013293]],[1,2],bindPlayKeyIDList=,[space],bindResponseKeyIDList=,[f,j],orderSI=66,orderAI=59],1,None,0:5.4,59;,0,1
media_choice,[one_play_two_responses,audio,0.5,1,1,[[triplet_t00000007711]],[1,2],bindPlayKeyIDList=,[space],bindResponseKeyIDList=,[f,j],orderSI=21,orderAI=60],1,None,0:3.4,60;,0,1
media_choice,[one_play_two_responses,audio,0.5,1,1,[[triplet_t00000044330]],[1,2],bindPlayKeyIDList=,[space],bindResponseKeyIDList=,[f,j],orderSI=50,orderAI=61],1,None,0:3.1,61;,0,1
media_choice,[one_play_two_responses,audio,0.5,1,1,[[triplet_t00000017157]],[1,2],bindPlayKeyIDList=,[space],bindResponseKeyIDList=,[f,j],orderSI=20,orderAI=62],1,None,0:2.7,62;,1,0
media_choice,[one_play_two_responses,audio,0.5,1,1,[[triplet_t00000074711]],[1,2],bindPlayKeyIDList=,[space],bindResponseKeyIDList=,[f,j],orderSI=41,orderAI=63],1,None,0:3.8,63;,0,1
media_choice,[one_play_two_responses,audio,0.5,1,1,[[triplet_t00000020237]],[1,2],bindPlayKeyIDList=,[space],bindResponseKeyIDList=,[f,j],orderSI=53,orderAI=64],1,None,0:3.1,64;,1,0
media_choice,[one_play_two_responses,audio,0.5,1,1,[[triplet_t00000048033]],[1,2],bindPlayKeyIDList=,[space],bindResponseKeyIDList=,[f,j],orderSI=47,orderAI=65],1,None,0:5.0,65;,1,0
media_choice,[one_play_two_responses,audio,0.5,1,1,[[triplet_t00000015136]],[1,2],bindPlayKeyIDList=,[space],bindResponseKeyIDList=,[f,j],orderSI=51,orderAI=66],1,None,0:4.1,66;,1,0
media_choice,[one_play_two_responses,audio,0.5,1,1,[[triplet_t00000089319]],[1,2],bindPlayKeyIDList=,[space],bindResponseKeyIDList=,[f,j],orderSI=36,orderAI=67],1,None,0:4.1,67;,1,0
media_choice,[one_play_two_responses,audio,0.5,1,1,[[triplet_t00000086662]],[1,2],bindPlayKeyIDList=,[space],bindResponseKeyIDList=,[f,j],orderSI=28,orderAI=68],1,None,0:2.7,68;,1,0
media_choice,[one_play_two_responses,audio,0.5,1,1,[[triplet_t00000076246]],[1,2],bindPlayKeyIDList=,[space],bindResponseKeyIDList=,[f,j],orderSI=64,orderAI=69],1,None,0:2.8,69;,0,1
media_choice,[one_play_two_responses,audio,0.5,1,1,[[triplet_t00000008314]],[1,2],bindPlayKeyIDList=,[space],bindResponseKeyIDList=,[f,j],orderSI=68,orderAI=70],1,None,0:2.7,70;,0,1
media_choice,[one_play_two_responses,audio,0.5,1,1,[[triplet_t00000099557]],[1,2],bindPlayKeyIDList=,[space],bindResponseKeyIDList=,[f,j],orderSI=60,orderAI=71],1,None,0:2.4,71;,0,1
text_page,[prot_pause,bindSubmitKeyIDList=,[space],orderSI=72,orderAI=72],None,None,0:2.0,72;,[]
media_choice,[one_play_two_responses,audio,0.5,1,1,[[triplet_t00000015559]],[1,2],bindPlayKeyIDList=,[space],bindResponseKeyIDList=,[f,j],orderSI=79,orderAI=73],1,None,0:3.9,73;,1,0
media_choice,[one_play_two_responses,audio,0.5,1,1,[[triplet_t00000006333]],[1,2],bindPlayKeyIDList=,[space],bindResponseKeyIDList=,[f,j],orderSI=103,orderAI=74],1,None,0:4.6,74;,1,0
media_choice,[one_play_two_responses,audio,0.5,1,1,[[triplet_t00000099548]],[1,2],bindPlayKeyIDList=,[space],bindResponseKeyIDList=,[f,j],orderSI=116,orderAI=75],1,None,0:2.5,75;,0,1
media_choice,[one_play_two_responses,audio,0.5,1,1,[[triplet_t00000000013]],[1,2],bindPlayKeyIDList=,[space],bindResponseKeyIDList=,[f,j],orderSI=126,orderAI=76],1,None,0:6.0,76;,1,0
media_choice,[one_play_two_responses,audio,0.5,1,1,[[triplet_t00000013853]],[1,2],bindPlayKeyIDList=,[space],bindResponseKeyIDList=,[f,j],orderSI=94,orderAI=77],1,None,0:2.8,77;,0,1
media_choice,[one_play_two_responses,audio,0.5,1,1,[[triplet_t00000076213]],[1,2],bindPlayKeyIDList=,[space],bindResponseKeyIDList=,[f,j],orderSI=119,orderAI=78],1,None,0:2.7,78;,1,0
media_choice,[one_play_two_responses,audio,0.5,1,1,[[triplet_t00000011712]],[1,2],bindPlayKeyIDList=,[space],bindResponseKeyIDList=,[f,j],orderSI=124,orderAI=79],1,None,0:3.3,79;,0,1
media_choice,[one_play_two_responses,audio,0.5,1,1,[[triplet_t00000074700]],[1,2],bindPlayKeyIDList=,[space],bindResponseKeyIDList=,[f,j],orderSI=98,orderAI=80],1,None,0:5.4,80;,0,1
media_choice,[one_play_two_responses,audio,0.5,1,1,[[triplet_t00000075973]],[1,2],bindPlayKeyIDList=,[space],bindResponseKeyIDList=,[f,j],orderSI=74,orderAI=81],1,None,0:3.8,81;,0,1
media_choice,[one_play_two_responses,audio,0.5,1,1,[[triplet_t00000022515]],[1,2],bindPlayKeyIDList=,[space],bindResponseKeyIDList=,[f,j],orderSI=95,orderAI=82],1,None,0:2.9,82;,1,0
media_choice,[one_play_two_responses,audio,0.5,1,1,[[triplet_t00000103066]],[1,2],bindPlayKeyIDList=,[space],bindResponseKeyIDList=,[f,j],orderSI=97,orderAI=83],1,None,0:4.2,83;,1,0
media_choice,[one_play_two_responses,audio,0.5,1,1,[[triplet_t00000017994]],[1,2],bindPlayKeyIDList=,[space],bindResponseKeyIDList=,[f,j],orderSI=81,orderAI=84],1,None,0:4.9,84;,1,0
media_choice,[one_play_two_responses,audio,0.5,1,1,[[triplet_t00000076117]],[1,2],bindPlayKeyIDList=,[space],bindResponseKeyIDList=,[f,j],orderSI=89,orderAI=85],1,None,0:4.0,85;,1,0
media_choice,[one_play_two_responses,audio,0.5,1,1,[[triplet_t00000000005]],[1,2],bindPlayKeyIDList=,[space],bindResponseKeyIDList=,[f,j],orderSI=117,orderAI=86],1,None,0:3.0,86;,1,0
media_choice,[one_play_two_responses,audio,0.5,1,1,[[triplet_t00000076044]],[1,2],bindPlayKeyIDList=,[space],bindResponseKeyIDList=,[f,j],orderSI=120,orderAI=87],1,None,0:3.8,87;,0,1
media_choice,[one_play_two_responses,audio,0.5,1,1,[[triplet_t00000092931]],[1,2],bindPlayKeyIDList=,[space],bindResponseKeyIDList=,[f,j],orderSI=85,orderAI=88],1,None,0:3.9,88;,1,0
media_choice,[one_play_two_responses,audio,0.5,1,1,[[triplet_t00000028598]],[1,2],bindPlayKeyIDList=,[space],bindResponseKeyIDList=,[f,j],orderSI=101,orderAI=89],1,None,0:10.2,89;,1,0
media_choice,[one_play_two_responses,audio,0.5,1,1,[[triplet_t00000052670]],[1,2],bindPlayKeyIDList=,[space],bindResponseKeyIDList=,[f,j],orderSI=121,orderAI=90],1,None,0:4.5,90;,1,0
media_choice,[one_play_two_responses,audio,0.5,1,1,[[triplet_t00000014280]],[1,2],bindPlayKeyIDList=,[space],bindResponseKeyIDList=,[f,j],orderSI=99,orderAI=91],1,None,0:3.9,91;,1,0
media_choice,[one_play_two_responses,audio,0.5,1,1,[[triplet_t00000103866]],[1,2],bindPlayKeyIDList=,[space],bindResponseKeyIDList=,[f,j],orderSI=111,orderAI=92],1,None,0:3.1,92;,1,0
media_choice,[one_play_two_responses,audio,0.5,1,1,[[triplet_t00000021644]],[1,2],bindPlayKeyIDList=,[space],bindResponseKeyIDList=,[f,j],orderSI=104,orderAI=93],1,None,0:3.1,93;,0,1
media_choice,[one_play_two_responses,audio,0.5,1,1,[[triplet_t00000018118]],[1,2],bindPlayKeyIDList=,[space],bindResponseKeyIDList=,[f,j],orderSI=82,orderAI=94],1,None,0:3.0,94;,0,1
media_choice,[one_play_two_responses,audio,0.5,1,1,[[triplet_t00000000012]],[1,2],bindPlayKeyIDList=,[space],bindResponseKeyIDList=,[f,j],orderSI=125,orderAI=95],1,None,0:3.3,95;,0,1
media_choice,[one_play_two_responses,audio,0.5,1,1,[[triplet_t00000051357]],[1,2],bindPlayKeyIDList=,[space],bindResponseKeyIDList=,[f,j],orderSI=87,orderAI=96],1,None,0:3.5,96;,1,0
media_choice,[one_play_two_responses,audio,0.5,1,1,[[triplet_t00000076985]],[1,2],bindPlayKeyIDList=,[space],bindResponseKeyIDList=,[f,j],orderSI=88,orderAI=97],1,None,0:3.2,97;,0,1
media_choice,[one_play_two_responses,audio,0.5,1,1,[[triplet_t00000103029]],[1,2],bindPlayKeyIDList=,[space],bindResponseKeyIDList=,[f,j],orderSI=114,orderAI=98],1,None,0:4.8,98;,1,0
media_choice,[one_play_two_responses,audio,0.5,1,1,[[triplet_t00000025789]],[1,2],bindPlayKeyIDList=,[space],bindResponseKeyIDList=,[f,j],orderSI=107,orderAI=99],1,None,0:2.6,99;,1,0
media_choice,[one_play_two_responses,audio,0.5,1,1,[[triplet_t00000094110]],[1,2],bindPlayKeyIDList=,[space],bindResponseKeyIDList=,[f,j],orderSI=93,orderAI=100],1,None,0:3.3,100;,1,0
media_choice,[one_play_two_responses,audio,0.5,1,1,[[attention_check_francais_J_normalise]],[1,2],bindPlayKeyIDList=,[space],bindResponseKeyIDList=,[f,j],orderSI=127,orderAI=101],1,None,0:6.2,101;,0,1
media_choice,[one_play_two_responses,audio,0.5,1,1,[[triplet_t00000103854]],[1,2],bindPlayKeyIDList=,[space],bindResponseKeyIDList=,[f,j],orderSI=112,orderAI=102],1,None,0:5.0,102;,0,1
media_choice,[one_play_two_responses,audio,0.5,1,1,[[triplet_t00000091237]],[1,2],bindPlayKeyIDList=,[space],bindResponseKeyIDList=,[f,j],orderSI=84,orderAI=103],1,None,0:3.9,103;,0,1
media_choice,[one_play_two_responses,audio,0.5,1,1,[[triplet_t00000104098]],[1,2],bindPlayKeyIDList=,[space],bindResponseKeyIDList=,[f,j],orderSI=91,orderAI=104],1,None,0:7.3,104;,1,0
media_choice,[one_play_two_responses,audio,0.5,1,1,[[triplet_t00000102551]],[1,2],bindPlayKeyIDList=,[space],bindResponseKeyIDList=,[f,j],orderSI=83,orderAI=105],1,None,0:3.1,105;,1,0
media_choice,[one_play_two_responses,audio,0.5,1,1,[[triplet_t00000049930]],[1,2],bindPlayKeyIDList=,[space],bindResponseKeyIDList=,[f,j],orderSI=77,orderAI=106],1,None,0:2.7,106;,1,0
media_choice,[one_play_two_responses,audio,0.5,1,1,[[triplet_t00000008306]],[1,2],bindPlayKeyIDList=,[space],bindResponseKeyIDList=,[f,j],orderSI=123,orderAI=107],1,None,0:2.8,107;,1,0
media_choice,[one_play_two_responses,audio,0.5,1,1,[[triplet_t00000057265]],[1,2],bindPlayKeyIDList=,[space],bindResponseKeyIDList=,[f,j],orderSI=102,orderAI=108],1,None,0:6.0,108;,1,0
media_choice,[one_play_two_responses,audio,0.5,1,1,[[triplet_t00000105620]],[1,2],bindPlayKeyIDList=,[space],bindResponseKeyIDList=,[f,j],orderSI=73,orderAI=109],1,None,0:2.6,109;,1,0
media_choice,[one_play_two_responses,audio,0.5,1,1,[[triplet_t00000013295]],[1,2],bindPlayKeyIDList=,[space],bindResponseKeyIDList=,[f,j],orderSI=122,orderAI=110],1,None,0:2.8,110;,0,1
media_choice,[one_play_two_responses,audio,0.5,1,1,[[triplet_t00000089383]],[1,2],bindPlayKeyIDList=,[space],bindResponseKeyIDList=,[f,j],orderSI=92,orderAI=111],1,None,0:3.1,111;,0,1
media_choice,[one_play_two_responses,audio,0.5,1,1,[[triplet_t00000014306]],[1,2],bindPlayKeyIDList=,[space],bindResponseKeyIDList=,[f,j],orderSI=100,orderAI=112],1,None,0:5.2,112;,0,1
media_choice,[one_play_two_responses,audio,0.5,1,1,[[triplet_t00000098530]],[1,2],bindPlayKeyIDList=,[space],bindResponseKeyIDList=,[f,j],orderSI=75,orderAI=113],1,None,0:6.4,113;,0,1
media_choice,[one_play_two_responses,audio,0.5,1,1,[[triplet_t00000048324]],[1,2],bindPlayKeyIDList=,[space],bindResponseKeyIDList=,[f,j],orderSI=105,orderAI=114],1,None,0:2.5,114;,1,0
media_choice,[one_play_two_responses,audio,0.5,1,1,[[triplet_t00000101603]],[1,2],bindPlayKeyIDList=,[space],bindResponseKeyIDList=,[f,j],orderSI=113,orderAI=115],1,None,0:6.9,115;,1,0
media_choice,[one_play_two_responses,audio,0.5,1,1,[[triplet_t00000051162]],[1,2],bindPlayKeyIDList=,[space],bindResponseKeyIDList=,[f,j],orderSI=76,orderAI=116],1,None,0:3.3,116;,1,0
media_choice,[one_play_two_responses,audio,0.5,1,1,[[triplet_t00000020164]],[1,2],bindPlayKeyIDList=,[space],bindResponseKeyIDList=,[f,j],orderSI=115,orderAI=117],1,None,0:4.7,117;,0,1
media_choice,[one_play_two_responses,audio,0.5,1,1,[[triplet_t00000100654]],[1,2],bindPlayKeyIDList=,[space],bindResponseKeyIDList=,[f,j],orderSI=109,orderAI=118],1,None,0:3.6,118;,1,0
media_choice,[one_play_two_responses,audio,0.5,1,1,[[triplet_t00000015535]],[1,2],bindPlayKeyIDList=,[space],bindResponseKeyIDList=,[f,j],orderSI=80,orderAI=119],1,None,0:2.6,119;,0,1
media_choice,[one_play_two_responses,audio,0.5,1,1,[[triplet_t00000056359]],[1,2],bindPlayKeyIDList=,[space],bindResponseKeyIDList=,[f,j],orderSI=78,orderAI=120],1,None,0:3.0,120;,0,1
media_choice,[one_play_two_responses,audio,0.5,1,1,[[triplet_t00000000004]],[1,2],bindPlayKeyIDList=,[space],bindResponseKeyIDList=,[f,j],orderSI=118,orderAI=121],1,None,0:4.1,121;,0,1
media_choice,[one_play_two_responses,audio,0.5,1,1,[[triplet_t00000104821]],[1,2],bindPlayKeyIDList=,[space],bindResponseKeyIDList=,[f,j],orderSI=108,orderAI=122],1,None,0:3.1,122;,0,1
media_choice,[one_play_two_responses,audio,0.5,1,1,[[triplet_t00000104574]],[1,2],bindPlayKeyIDList=,[space],bindResponseKeyIDList=,[f,j],orderSI=106,orderAI=123],1,None,0:3.5,123;,0,1
media_choice,[one_play_two_responses,audio,0.5,1,1,[[triplet_t00000075034]],[1,2],bindPlayKeyIDList=,[space],bindResponseKeyIDList=,[f,j],orderSI=90,orderAI=124],1,None,0:3.1,124;,0,1
media_choice,[one_play_two_responses,audio,0.5,1,1,[[triplet_t00000086372]],[1,2],bindPlayKeyIDList=,[space],bindResponseKeyIDList=,[f,j],orderSI=86,orderAI=125],1,None,0:3.2,125;,1,0
media_choice,[one_play_two_responses,audio,0.5,1,1,[[triplet_t00000074468]],[1,2],bindPlayKeyIDList=,[space],bindResponseKeyIDList=,[f,j],orderSI=96,orderAI=126],1,None,0:6.5,126;,0,1
media_choice,[one_play_two_responses,audio,0.5,1,1,[[triplet_t00000100658]],[1,2],bindPlayKeyIDList=,[space],bindResponseKeyIDList=,[f,j],orderSI=110,orderAI=127],1,None,0:3.9,127;,0,1
text_page,[prot_pause2,bindSubmitKeyIDList=,[space],orderSI=128,orderAI=128],None,None,0:0.9,128;,[]
media_choice,[one_play_two_responses,audio,0.5,1,1,[[triplet_t00000015274]],[1,2],bindPlayKeyIDList=,[space],bindResponseKeyIDList=,[f,j],orderSI=153,orderAI=129],1,None,0:5.4,129;,1,0
media_choice,[one_play_two_responses,audio,0.5,1,1,[[triplet_t00000039293]],[1,2],bindPlayKeyIDList=,[space],bindResponseKeyIDList=,[f,j],orderSI=163,orderAI=130],1,None,0:2.8,130;,1,0
media_choice,[one_play_two_responses,audio,0.5,1,1,[[triplet_t00000100597]],[1,2],bindPlayKeyIDList=,[space],bindResponseKeyIDList=,[f,j],orderSI=156,orderAI=131],1,None,0:4.6,131;,0,1
media_choice,[one_play_two_responses,audio,0.5,1,1,[[triplet_t00000013297]],[1,2],bindPlayKeyIDList=,[space],bindResponseKeyIDList=,[f,j],orderSI=180,orderAI=132],1,None,0:2.6,132;,0,1
media_choice,[one_play_two_responses,audio,0.5,1,1,[[triplet_t00000100328]],[1,2],bindPlayKeyIDList=,[space],bindResponseKeyIDList=,[f,j],orderSI=132,orderAI=133],1,None,0:3.7,133;,0,1
media_choice,[one_play_two_responses,audio,0.5,1,1,[[triplet_t00000049742]],[1,2],bindPlayKeyIDList=,[space],bindResponseKeyIDList=,[f,j],orderSI=162,orderAI=134],1,None,0:2.6,134;,0,1
media_choice,[one_play_two_responses,audio,0.5,1,1,[[triplet_t00000103860]],[1,2],bindPlayKeyIDList=,[space],bindResponseKeyIDList=,[f,j],orderSI=169,orderAI=135],1,None,0:3.2,135;,1,0
media_choice,[one_play_two_responses,audio,0.5,1,1,[[triplet_t00000008447]],[1,2],bindPlayKeyIDList=,[space],bindResponseKeyIDList=,[f,j],orderSI=158,orderAI=136],1,None,0:2.6,136;,0,1
media_choice,[one_play_two_responses,audio,0.5,1,1,[[triplet_t00000005507]],[1,2],bindPlayKeyIDList=,[space],bindResponseKeyIDList=,[f,j],orderSI=161,orderAI=137],1,None,0:2.8,137;,1,0
media_choice,[one_play_two_responses,audio,0.5,1,1,[[triplet_t00000074657]],[1,2],bindPlayKeyIDList=,[space],bindResponseKeyIDList=,[f,j],orderSI=150,orderAI=138],1,None,0:2.7,138;,0,1
media_choice,[one_play_two_responses,audio,0.5,1,1,[[triplet_t00000104906]],[1,2],bindPlayKeyIDList=,[space],bindResponseKeyIDList=,[f,j],orderSI=165,orderAI=139],1,None,0:2.8,139;,1,0
media_choice,[one_play_two_responses,audio,0.5,1,1,[[triplet_t00000000016]],[1,2],bindPlayKeyIDList=,[space],bindResponseKeyIDList=,[f,j],orderSI=184,orderAI=140],1,None,0:3.8,140;,0,1
media_choice,[one_play_two_responses,audio,0.5,1,1,[[triplet_t00000075016]],[1,2],bindPlayKeyIDList=,[space],bindResponseKeyIDList=,[f,j],orderSI=145,orderAI=141],1,None,0:3.1,141;,1,0
media_choice,[one_play_two_responses,audio,0.5,1,1,[[triplet_t00000050535]],[1,2],bindPlayKeyIDList=,[space],bindResponseKeyIDList=,[f,j],orderSI=154,orderAI=142],1,None,0:2.5,142;,0,1
media_choice,[one_play_two_responses,audio,0.5,1,1,[[triplet_t00000011342]],[1,2],bindPlayKeyIDList=,[space],bindResponseKeyIDList=,[f,j],orderSI=144,orderAI=143],1,None,0:2.8,143;,0,1
media_choice,[one_play_two_responses,audio,0.5,1,1,[[triplet_t00000014382]],[1,2],bindPlayKeyIDList=,[space],bindResponseKeyIDList=,[f,j],orderSI=151,orderAI=144],1,None,0:2.6,144;,1,0
media_choice,[one_play_two_responses,audio,0.5,1,1,[[triplet_t00000020635]],[1,2],bindPlayKeyIDList=,[space],bindResponseKeyIDList=,[f,j],orderSI=133,orderAI=145],1,None,0:2.4,145;,1,0
media_choice,[one_play_two_responses,audio,0.5,1,1,[[triplet_t00000103030]],[1,2],bindPlayKeyIDList=,[space],bindResponseKeyIDList=,[f,j],orderSI=171,orderAI=146],1,None,0:3.1,146;,0,1
media_choice,[one_play_two_responses,audio,0.5,1,1,[[triplet_t00000089519]],[1,2],bindPlayKeyIDList=,[space],bindResponseKeyIDList=,[f,j],orderSI=148,orderAI=147],1,None,0:2.7,147;,0,1
media_choice,[one_play_two_responses,audio,0.5,1,1,[[triplet_t00000054226]],[1,2],bindPlayKeyIDList=,[space],bindResponseKeyIDList=,[f,j],orderSI=160,orderAI=148],1,None,0:2.8,148;,0,1
media_choice,[one_play_two_responses,audio,0.5,1,1,[[triplet_t00000074514]],[1,2],bindPlayKeyIDList=,[space],bindResponseKeyIDList=,[f,j],orderSI=172,orderAI=149],1,None,0:2.7,149;,0,1
media_choice,[one_play_two_responses,audio,0.5,1,1,[[triplet_t00000013294]],[1,2],bindPlayKeyIDList=,[space],bindResponseKeyIDList=,[f,j],orderSI=179,orderAI=150],1,None,0:3.0,150;,1,0
media_choice,[one_play_two_responses,audio,0.5,1,1,[[triplet_t00000075965]],[1,2],bindPlayKeyIDList=,[space],bindResponseKeyIDList=,[f,j],orderSI=170,orderAI=151],1,None,0:3.2,151;,0,1
media_choice,[one_play_two_responses,audio,0.5,1,1,[[triplet_t00000089322]],[1,2],bindPlayKeyIDList=,[space],bindResponseKeyIDList=,[f,j],orderSI=147,orderAI=152],1,None,0:2.8,152;,1,0
media_choice,[one_play_two_responses,audio,0.5,1,1,[[triplet_t00000105251]],[1,2],bindPlayKeyIDList=,[space],bindResponseKeyIDList=,[f,j],orderSI=168,orderAI=153],1,None,0:2.6,153;,0,1
media_choice,[one_play_two_responses,audio,0.5,1,1,[[triplet_t00000105963]],[1,2],bindPlayKeyIDList=,[space],bindResponseKeyIDList=,[f,j],orderSI=129,orderAI=154],1,None,0:2.8,154;,1,0
media_choice,[one_play_two_responses,audio,0.5,1,1,[[triplet_t00000018167]],[1,2],bindPlayKeyIDList=,[space],bindResponseKeyIDList=,[f,j],orderSI=137,orderAI=155],1,None,0:3.2,155;,1,0
media_choice,[one_play_two_responses,audio,0.5,1,1,[[triplet_t00000076042]],[1,2],bindPlayKeyIDList=,[space],bindResponseKeyIDList=,[f,j],orderSI=178,orderAI=156],1,None,0:3.4,156;,0,1
media_choice,[one_play_two_responses,audio,0.5,1,1,[[triplet_t00000076043]],[1,2],bindPlayKeyIDList=,[space],bindResponseKeyIDList=,[f,j],orderSI=177,orderAI=157],1,None,0:2.6,157;,1,0
media_choice,[one_play_two_responses,audio,0.5,1,1,[[triplet_t00000015731]],[1,2],bindPlayKeyIDList=,[space],bindResponseKeyIDList=,[f,j],orderSI=135,orderAI=158],1,None,0:3.9,158;,1,0
media_choice,[one_play_two_responses,audio,0.5,1,1,[[triplet_t00000016526]],[1,2],bindPlayKeyIDList=,[space],bindResponseKeyIDList=,[f,j],orderSI=136,orderAI=159],1,None,0:5.4,159;,0,1
media_choice,[one_play_two_responses,audio,0.5,1,1,[[triplet_t00000000425]],[1,2],bindPlayKeyIDList=,[space],bindResponseKeyIDList=,[f,j],orderSI=130,orderAI=160],1,None,0:5.5,160;,0,1
media_choice,[one_play_two_responses,audio,0.5,1,1,[[attention_check_francais_F_normalise]],[1,2],bindPlayKeyIDList=,[space],bindResponseKeyIDList=,[f,j],orderSI=185,orderAI=161],1,None,0:5.5,161;,1,0
media_choice,[one_play_two_responses,audio,0.5,1,1,[[triplet_t00000015037]],[1,2],bindPlayKeyIDList=,[space],bindResponseKeyIDList=,[f,j],orderSI=166,orderAI=162],1,None,0:2.7,162;,0,1
media_choice,[one_play_two_responses,audio,0.5,1,1,[[triplet_t00000093723]],[1,2],bindPlayKeyIDList=,[space],bindResponseKeyIDList=,[f,j],orderSI=143,orderAI=163],1,None,0:3.7,163;,1,0
media_choice,[one_play_two_responses,audio,0.5,1,1,[[triplet_t00000099494]],[1,2],bindPlayKeyIDList=,[space],bindResponseKeyIDList=,[f,j],orderSI=174,orderAI=164],1,None,0:2.5,164;,0,1
media_choice,[one_play_two_responses,audio,0.5,1,1,[[triplet_t00000103680]],[1,2],bindPlayKeyIDList=,[space],bindResponseKeyIDList=,[f,j],orderSI=149,orderAI=165],1,None,0:3.1,165;,1,0
media_choice,[one_play_two_responses,audio,0.5,1,1,[[triplet_t00000018285]],[1,2],bindPlayKeyIDList=,[space],bindResponseKeyIDList=,[f,j],orderSI=138,orderAI=166],1,None,0:2.7,166;,0,1
media_choice,[one_play_two_responses,audio,0.5,1,1,[[triplet_t00000102457]],[1,2],bindPlayKeyIDList=,[space],bindResponseKeyIDList=,[f,j],orderSI=139,orderAI=167],1,None,0:2.8,167;,1,0
media_choice,[one_play_two_responses,audio,0.5,1,1,[[triplet_t00000105479]],[1,2],bindPlayKeyIDList=,[space],bindResponseKeyIDList=,[f,j],orderSI=140,orderAI=168],1,None,0:2.8,168;,0,1
media_choice,[one_play_two_responses,audio,0.5,1,1,[[triplet_t00000000007]],[1,2],bindPlayKeyIDList=,[space],bindResponseKeyIDList=,[f,j],orderSI=176,orderAI=169],1,None,0:2.9,169;,0,1
media_choice,[one_play_two_responses,audio,0.5,1,1,[[triplet_t00000082910]],[1,2],bindPlayKeyIDList=,[space],bindResponseKeyIDList=,[f,j],orderSI=141,orderAI=170],1,None,0:3.5,170;,1,0
media_choice,[one_play_two_responses,audio,0.5,1,1,[[triplet_t00000085583]],[1,2],bindPlayKeyIDList=,[space],bindResponseKeyIDList=,[f,j],orderSI=142,orderAI=171],1,None,0:2.7,171;,0,1
media_choice,[one_play_two_responses,audio,0.5,1,1,[[triplet_t00000011709]],[1,2],bindPlayKeyIDList=,[space],bindResponseKeyIDList=,[f,j],orderSI=181,orderAI=172],1,None,0:3.4,172;,1,0
media_choice,[one_play_two_responses,audio,0.5,1,1,[[triplet_t00000100155]],[1,2],bindPlayKeyIDList=,[space],bindResponseKeyIDList=,[f,j],orderSI=167,orderAI=173],1,None,0:4.4,173;,1,0
media_choice,[one_play_two_responses,audio,0.5,1,1,[[triplet_t00000008436]],[1,2],bindPlayKeyIDList=,[space],bindResponseKeyIDList=,[f,j],orderSI=157,orderAI=174],1,None,0:2.7,174;,1,0
media_choice,[one_play_two_responses,audio,0.5,1,1,[[triplet_t00000000002]],[1,2],bindPlayKeyIDList=,[space],bindResponseKeyIDList=,[f,j],orderSI=175,orderAI=175],1,None,0:5.1,175;,0,1
media_choice,[one_play_two_responses,audio,0.5,1,1,[[triplet_t00000012734]],[1,2],bindPlayKeyIDList=,[space],bindResponseKeyIDList=,[f,j],orderSI=131,orderAI=176],1,None,0:5.1,176;,0,1
media_choice,[one_play_two_responses,audio,0.5,1,1,[[triplet_t00000014562]],[1,2],bindPlayKeyIDList=,[space],bindResponseKeyIDList=,[f,j],orderSI=182,orderAI=177],1,None,0:2.9,177;,0,1
media_choice,[one_play_two_responses,audio,0.5,1,1,[[triplet_t00000028948]],[1,2],bindPlayKeyIDList=,[space],bindResponseKeyIDList=,[f,j],orderSI=159,orderAI=178],1,None,0:4.1,178;,1,0
media_choice,[one_play_two_responses,audio,0.5,1,1,[[triplet_t00000000015]],[1,2],bindPlayKeyIDList=,[space],bindResponseKeyIDList=,[f,j],orderSI=183,orderAI=179],1,None,0:3.0,179;,1,0
media_choice,[one_play_two_responses,audio,0.5,1,1,[[triplet_t00000101207]],[1,2],bindPlayKeyIDList=,[space],bindResponseKeyIDList=,[f,j],orderSI=155,orderAI=180],1,None,0:3.1,180;,1,0
media_choice,[one_play_two_responses,audio,0.5,1,1,[[triplet_t00000074962]],[1,2],bindPlayKeyIDList=,[space],bindResponseKeyIDList=,[f,j],orderSI=146,orderAI=181],1,None,0:2.3,181;,0,1
media_choice,[one_play_two_responses,audio,0.5,1,1,[[triplet_t00000024724]],[1,2],bindPlayKeyIDList=,[space],bindResponseKeyIDList=,[f,j],orderSI=164,orderAI=182],1,None,0:2.5,182;,0,1
media_choice,[one_play_two_responses,audio,0.5,1,1,[[triplet_t00000061634]],[1,2],bindPlayKeyIDList=,[space],bindResponseKeyIDList=,[f,j],orderSI=134,orderAI=183],1,None,0:4.5,183;,0,1
media_choice,[one_play_two_responses,audio,0.5,1,1,[[triplet_t00000015229]],[1,2],bindPlayKeyIDList=,[space],bindResponseKeyIDList=,[f,j],orderSI=173,orderAI=184],1,None,0:4.2,184;,1,0
media_choice,[one_play_two_responses,audio,0.5,1,1,[[triplet_t00000087088]],[1,2],bindPlayKeyIDList=,[space],bindResponseKeyIDList=,[f,j],orderSI=152,orderAI=185],1,None,0:2.6,185;,0,1
valsurvey,[postsurvey,orderSI=186,orderAI=186],None,None,0:28.3,186;,1,0,0,0,0,0,0,1,0,0,0,0,1,0,0,0,1,0,1,0,0,0,1,0,88
survey,[postsurvey2,orderSI=187,orderAI=187],None,None,4:36.7,187;,Simple et rapide. - Ne pas pouvoir réécouter les fichiers audios est par contre frustrant.,J'imagine que l'étude porte sur la reconnaissance audio pour aider les programmes de transcription auto.
